display_name,part,n_parts,page,segments,file,n_points,n_drawn,n_inlets,n_sags,n_served,n_unserved,length_m,kb
Isabel Avenue,1,2,Isabel Avenue 1 of 2,7934 7936 7951 7963 7965 7966 7973 7984 8420 8454 7980 7981 7982 7994,Isabel_Avenue_1_of_2.html,44879,44879,234,7,4,3,6718.6,2132.9
Isabel Avenue,2,2,Isabel Avenue 2 of 2,7933 7935 7952 7961 7962 7976 7977 7983 8419,Isabel_Avenue_2_of_2.html,39637,39637,195,7,5,2,5934.8,1919.9
Bernal Avenue,1,3,Bernal Avenue 1 of 3,2518 2534 2536 2634 2648 2670 2691 2740 3392 3408 3516 4030 4206 4279 5594 5683 5689 5706 5739 7218 7281 7303 7322 7310 7325 7343 2060 2544 2557 4326 4444 7263 7270,Bernal_Avenue_1_of_3.html,41466,41466,165,11,7,4,6460.2,1969.6
Stoneridge Drive,1,2,Stoneridge Drive 1 of 2,554 717 729 1186 1188 1281 1428 1471 1611 1652 1795 1971 2267 2351 2359 2368 2482 2794 2802 3055 3161 3171 3307 3593 3615 3720 3826 3834 3968 3975 4518 4583 4995 5054 5083 5160 5432 5471 5522 5887 5958 6233 6235 6447 6465 6472 6475 6736 7063,Stoneridge_Drive_1_of_2.html,52899,52899,157,26,21,5,7942.2,2492.3
Stoneridge Drive,2,2,Stoneridge Drive 2 of 2,546 565 720 728 1187 1276 1311 1462 1496 1610 1794 1981 2268 2344 2360 2479 2795 2803 3056 3162 3172 3308 3592 3617 3721 3835 3851 3979 3983 4590 4996 5091 5433 5465 5472 5520 5874 5999 6234 6446 6467 6473 6474 6735 7062,Stoneridge_Drive_2_of_2.html,52861,52861,156,25,20,5,7937.4,2504.8
Bernal Avenue,2,3,Bernal Avenue 2 of 3,2517 2533 2535 2647 2668 2690 3524 4204 4280 5590 5679 5690 5738 5851 7219 7282 7300 7302 7321 7309 7324 7344 4415 7330 7331 7348,Bernal_Avenue_2_of_3.html,37644,37644,147,11,8,3,5976.3,1757.4
Foothill Road,1,4,Foothill Road 1 of 4,2029 2030 2041 2042 2050 2078 2104 2112 2531 2582 2584 2586 2593 2615 2710 2725 3470 3479 3490 4094 4105 4116 4120 4125 4131 4133 4137 5792 541 718 724 730 736 851 853 855 858 865 871 912 562 1481 1482 1489 1635 1662 1251 1439 1451 1234 1237 1240 1244 1247 1678,Foothill_Road_1_of_4.html,95800,95800,131,28,13,15,14353.2,4235.8
West Las Positas Boulevard,1,2,West Las Positas Boulevard 1 of 2,1827 2123 2292 2301 2308 2331 2504 2784 3103 3151 3625 3716 3828 3972 3976 4497 4522 4588 4597 4601 4977 5057 5067 5171 5427 5454 5510 5524 5872 5891 5893 5970 5975 5986 6738 7057 7079 7089 7147 7158 6677 6678 6679 6729 6775 6781 1217 1295 1450,West_Las_Positas_Boulevard_1_of_2.html,44857,44857,120,21,17,4,6731.2,2155.0
West Las Positas Boulevard,2,2,West Las Positas Boulevard 2 of 2,1826 2124 2294 2309 2332 2484 2785 3169 3325 3591 3827 3969 3980 4498 4523 4526 4589 4596 4976 5056 5070 5172 5428 5444 5445 5453 5511 5523 5879 5896 5971 5976 5985 6737 7056 7078 7090 7148 7157 1299 1449,West_Las_Positas_Boulevard_2_of_2.html,37461,37461,101,14,13,1,6105.7,1794.0
Valley Avenue,2,10,Valley Avenue 2 of 10,2645 2646 2653 2656 2665 3086 3098 3107 3109 3123 3136 3419 3572 3808 3817 3994 4544 4557 4562 4568 5006 5030 5106 5149 5488 5561 5855 6697 6711 7108 7122 7182 3426 3386 3461,Valley_Avenue_2_of_10.html,42773,42773,92,14,12,2,10095.6,1925.7
Owens Drive,1,2,Owens Drive 1 of 2,2159 2215 2254 2377 2380 2420 2816 2915 3245 3705 3736 3739 3750 3753 3840 3963 3973 5876 5878 1928,Owens_Drive_1_of_2.html,22472,22472,92,11,11,0,3371.5,1134.1
Johnson Drive,1,1,Johnson Drive,1156 1214 1215 1312 1970 2156 2157 2160 2170,Johnson_Drive.html,25761,25761,91,11,10,1,3863.4,1187.0
Valley Avenue,1,10,Valley Avenue 1 of 10,2644 2649 2650 2651 2654 2662 2666 2780 3087 3099 3108 3110 3113 3137 3573 3807 5150 5497 5557 5559 5854 5946 4546 4549 5005 5031 5115 6694 6710 7109 7112 7125 7181 3436 3387 3460,Valley_Avenue_1_of_10.html,43106,43106,88,11,10,1,10176.3,1937.3
Vineyard Avenue,1,2,Vineyard Avenue 1 of 2,7640 7644 7665 7716 7748 7757 7798 7931 7937 7957 6256 6257 6301 6302 6336 6337 6351 6352 6411 6412 6442 6443 7352 7353 7400 7409 7410 7419 7420 7649 7650,Vineyard_Avenue_1_of_2.html,41813,41813,88,10,9,1,6279.5,1852.1
Hansen Road,1,4,Hansen Road 1 of 4,8908 8910 8913 8917 8919 8921 9162 9168 9171 9174 9195 9172 9176 8893 8894,Hansen_Road_1_of_4.html,12966,12966,85,2,2,0,2006.9,621.3
Santa Rita Road,2,4,Santa Rita Road 2 of 4,5152 5176 5192 5193 5194 5424 5435 5459 5460 5464 5466 5473 5496 5501 5545 5550 5552 5554 5560 5562 5114 5135 5138 5140 5148 4169 4170 4171 4178,Santa_Rita_Road_2_of_4.html,29165,29165,79,11,8,3,4364.7,1367.9
Santa Rita Road,1,4,Santa Rita Road 1 of 4,5175 5188 5189 5190 5191 5423 5457 5463 5468 5470 5474 5495 5499 5500 5502 5551 5553 5965 5972 5973 5974 5977 5141 5142 5144 5151 5544 5558 4173 4176 4179 4180 5110 5112 5139,Santa_Rita_Road_1_of_4.html,29845,29845,79,10,7,3,4676.7,1406.9
Gibraltar Drive,1,5,Gibraltar Drive 1 of 5,2346 2364 2480 2792 2810 3038 3048 3626 3165 3312 3315 3618 3624 3630 3149 3153 3332 3170 3305 3627 3066,Gibraltar_Drive_1_of_5.html,15204,15204,73,7,7,0,2454.5,736.4
West Ruby Hill Drive,1,1,West Ruby Hill Drive,7795 7797 7800 7801 7802 7805 7809 7833 7840 7844 7846 7847 7857 7880 7902 7911 7916,West_Ruby_Hill_Drive.html,28372,28372,68,1,0,1,4253.4,1305.8
Stoneridge Mall Road,1,2,Stoneridge Mall Road 1 of 2,708 1618 1619 572 545 709 721 738 877 875 876 1637 1643 1653,Stoneridge_Mall_Road_1_of_2.html,16417,16417,66,4,4,0,2460.7,780.3
Paseo Santa Cruz,1,1,Paseo Santa Cruz,2006 2007 2017 2019 2084 2089 2096 2099 2101 2117 2118 2130 2134 2287 2298 2321 2494 2543 2659 2661 2673 2748 2755 2781,Paseo_Santa_Cruz.html,16711,16711,66,5,5,0,2504.9,777.6
Streamside Circle,1,5,Streamside Circle 1 of 5,6448 6454 6458 6554 6627 6556 6628,Streamside_Circle_1_of_5.html,7349,7349,66,4,4,0,1101.3,380.2
West Jack London Boulevard,1,3,West Jack London Boulevard 1 of 3,7759 6245 7444 7538 7541 7996 8019 8030,West_Jack_London_Boulevard_1_of_3.html,27028,27028,64,5,3,2,4060.7,1427.2
Owens Drive,2,2,Owens Drive 2 of 2,2158 2219 2220 2256 2375 2419 2815 2918 3246 3706 3738 3741 3752 3836 3841 3842 3862 3974 5875 5877 5892,Owens_Drive_2_of_2.html,18021,18021,63,9,9,0,2703.1,937.6
Stanley Boulevard,1,4,Stanley Boulevard 1 of 4,4364 4390 6236 6642 6644 6647 6695 7194 7243 7251 7537 7710 7711 8029 4181 4193 4246 4453 4459 4406,Stanley_Boulevard_1_of_4.html,42232,42232,63,9,4,5,6346.0,2078.9
Muirwood Drive,1,1,Muirwood Drive,558 566 577 1190 1192 1193 1194 1195 1196 1197 1200 1202 1205 1208 1209 1211 1212 1223 1226 1228 1229 1246 1248 1250 1253 1275 1287 1303 1306 1308 1309 1430 1478 1501 1636 1658 1684 1685,Muirwood_Drive.html,20252,20252,63,3,3,0,3033.0,951.2
Golden Eagle Way,1,6,Golden Eagle Way 1 of 6,2524 2574 2578 2726 2729 2573 2522 2711 2723 2728,Golden_Eagle_Way_1_of_6.html,11785,11785,62,1,0,1,1800.4,605.1
East Ruby Hill Drive,1,1,East Ruby Hill Drive,7860 7863 7865 7866 7913 7915 7923 7925 7955 8417 8424 8425 8427 8429 8441 8443 8446 8448 8451,East_Ruby_Hill_Drive.html,19691,19691,61,1,1,0,2950.3,933.8
Sunol Boulevard,1,3,Sunol Boulevard 1 of 3,5682 5687 5746 5751 5764 5809 5816 5818 5819 5820 5823 4108 4111 5807 5750 5828,Sunol_Boulevard_1_of_3.html,14413,14413,60,2,2,0,2157.6,713.3
Dennis Drive,1,1,Dennis Drive,6451 6632 6639 6648 6660 6662 6668 6671 6675 6685 6717 6722 6725 6731 6734 7065 7067 7081 7094 7095 7138 7145 7153 7154 7159,Dennis_Drive.html,7458,7458,60,5,5,0,1116.9,374.8
Black Avenue,1,1,Black Avenue,2657 3363 3399 3404 3411 3413 3417 3550 3569 3578 3579 3775 3795 3810 3998 4016 5113 5483 5498 5857 5914 5917 5937 5940,Black_Avenue.html,16245,16245,58,3,3,0,2437.2,754.1
Rose Avenue,1,1,Rose Avenue,3360 3511 3515 3520 3545 4044 4050 4066 4068 5664 5684 5709 5741 5849,Rose_Avenue.html,12337,12337,55,4,4,0,1850.9,596.4
Mohr Avenue,1,1,Mohr Avenue,3967 3970 3985 4540 4575 5042 5491 5503 5549 5870 5885 5909 5910 5929 5934 5952 7115 7135,Mohr_Avenue.html,15708,15708,55,3,3,0,2357.6,738.1
Dublin Canyon Road,1,2,Dublin Canyon Road 1 of 2,2 33 93 173 217 313 323 425 856 886,Dublin_Canyon_Road_1_of_2.html,55026,55026,54,3,2,1,8268.3,2367.9
Vintage Circle,1,1,Vintage Circle,6641 7345 7347 7351,Vintage_Circle.html,4982,4982,53,3,3,0,746.0,284.3
Santorina Drive,1,1,Santorina Drive,8936 8941 9000 9141 9145 9160,Santorina_Drive.html,4078,4078,53,1,1,0,612.4,229.2
Sunol Boulevard,2,3,Sunol Boulevard 2 of 3,5749 5752 5769 5810 5812 5813 5814 5815 4107 4109 4112 5801,Sunol_Boulevard_2_of_3.html,11938,11938,51,2,2,0,2122.6,602.1
Valley Trails Drive,1,4,Valley Trails Drive 1 of 4,1819 1820 1821 1830 1833 1835 1837 1840 1994 2003 2008 2010 2014 2127 2129 2135 2137 2280 2286 2296 2300 2316 2326 2329 2500 2754 2766 2790 2491,Valley_Trails_Drive_1_of_4.html,14152,14152,50,4,4,0,2120.2,682.6
Concannon Boulevard,1,2,Concannon Boulevard 1 of 2,7940 7953 8339 8394 8407 8474 8501 8568 8590 8603 8604 8631 8767 8772 8825 8853 8997 9024 9106 9112 9126,Concannon_Boulevard_1_of_2.html,20728,20728,49,2,2,0,3113.5,909.3
Holmes Street,1,2,Holmes Street 1 of 2,8735 8737 8742 8745 8746 8752 8754 8755 8770 8806 8872 8884 8885 8887 8900,Holmes_Street_1_of_2.html,21468,21468,48,5,4,1,3213.2,972.7
Holmes Street,2,2,Holmes Street 2 of 2,8738 8739 8741 8748 8750 8751 8753 8757 8773 8794 8795 8799 8801 8805 8873,Holmes_Street_2_of_2.html,21453,21453,47,5,4,1,3211.1,968.4
Concannon Boulevard,2,2,Concannon Boulevard 2 of 2,7939 7954 8340 8393 8408 8475 8500 8569 8592 8602 8632 8766 8771 8824 8852 8996 9023 9105 9130,Concannon_Boulevard_2_of_2.html,20724,20724,46,2,2,0,3113.4,916.9
Via Di Salerno,1,1,Via Di Salerno,7869 7871 7882 7887 7891 7892 7895 7898 7906 7909 7918 7919 7929 8426,Via_Di_Salerno.html,18797,18797,44,0,0,0,2818.3,888.9
Hacienda Drive,1,4,Hacienda Drive 1 of 4,3667 3666 3668 3669 3686 3671 3670 3674 3675 3676 3677 3704 3702 3703 3696 3695 3694 3737 3742 3751 3599 3300 3311 3314 3318 3163 3320 3322 3323 3324 3329,Hacienda_Drive_1_of_4.html,23598,23598,43,13,9,4,3530.5,1095.1
Villa Loop,1,2,Villa Loop 1 of 2,2526 2528 2564 2566 2570 2706 2707 2719 2733 2735,Villa_Loop_1_of_2.html,8929,8929,43,4,4,0,1338.2,470.2
Martin Avenue,1,1,Martin Avenue,7068 7069 7070 7071 7117 7142,Martin_Avenue.html,7667,7667,43,1,1,0,1495.7,395.1
Belleza Drive,1,1,Belleza Drive,3715 3722 3724 3763 3829 3847 3850 3978 3984,Belleza_Drive.html,4089,4089,43,4,4,0,612.6,250.7
Hopyard Road,1,4,Hopyard Road 1 of 4,2214 2253 2305 2306 2307 2327 2361 2362 2363 2367 2369 2370 2371 2372 2373 2374 2763 3084 3105 3111 3114 3120 3130 3344 3357 3566 3777 3780 3798 4053 4064 3571 3582,Hopyard_Road_1_of_4.html,29948,29948,42,10,5,5,4485.3,1359.3
Laurel Creek Drive,1,3,Laurel Creek Drive 1 of 3,322 423 424 533 868 878,Laurel_Creek_Drive_1_of_3.html,10810,10810,40,1,0,1,1621.5,632.5
Arthur H. Breed Junior Freeway,2,2,Arthur H. Breed Junior Freeway 2 of 2,126 697 906 1325 1598 1782 1930 2222 2912 3653 3938 4971 5357 6022 6481 6889 7446 7709 7768 8009,Arthur_H_Breed_Junior_Freeway_2_of_2.html,122689,122689,39,8,3,5,18444.4,5743.9
Silver Oaks Lane,1,1,Silver Oaks Lane,7666 7669 7670,Silver_Oaks_Lane.html,3904,3904,38,0,0,0,585.5,242.1
Gibraltar Drive,2,5,Gibraltar Drive 2 of 5,2345 2365 2481 2793 2809 3037 3049 3164 3313 3316 3616 3619 3629,Gibraltar_Drive_2_of_5.html,7750,7750,38,5,5,0,1400.2,417.3
Vallecitos Road,1,3,Vallecitos Road 1 of 3,7376 7735 7737 7739 7742 8432 8438 8447 8455 8457 8529 8536 8537 8452 8903,Vallecitos_Road_1_of_3.html,62513,62513,38,8,1,7,11036.0,2795.4
Kamp Drive,1,1,Kamp Drive,4473 4475 4476 4477 4478 4482 4483 4505 4506 4507 4534 4537 4553 4574 4494 4985,Kamp_Drive.html,8666,8666,37,3,3,0,1313.7,436.1
Pleasanton Avenue,1,5,Pleasanton Avenue 1 of 5,4027 4038 5702 5703 5704 5715 5716 5718 5736 5742 5829 3506 3497 3535,Pleasanton_Avenue_1_of_5.html,7822,7822,37,1,1,0,1907.0,411.9
Hacienda Drive,2,4,Hacienda Drive 2 of 4,3327 3152 3155 3156 3157 3160 3319 3317 3310 3636 3598 3754 3749 3740 3693 3697 3698 3699 3692 3691 3680 3681 3682 3683 3685 3684,Hacienda_Drive_2_of_4.html,20853,20853,36,12,8,4,3120.2,981.0
Brookline Loop,1,1,Brookline Loop,2621 2630 3433 3440 3453,Brookline_Loop.html,6117,6117,36,1,1,0,916.6,323.3
Fairlands Drive,1,2,Fairlands Drive 1 of 2,7023 7018 4651 4609 4770 4774 4926 5065 5076 5170 5533 5525 5513 5422 5447 5437 5441 5442 5443,Fairlands_Drive_1_of_2.html,11498,11498,36,5,5,0,1723.1,565.4
Murdell Lane,1,1,Murdell Lane,8180 8181 8221 8239 8250 8297 8299 8300 8301 8302 8303 8304 8307 8310 8311 8312 8319 8320 8321 8322 8323 8324 8325 8328 8329 8330,Murdell_Lane.html,17019,17019,35,5,5,0,2544.9,758.6
Sycamore Creek Way,1,1,Sycamore Creek Way,4153 5602 5605 4318 4422 4437 5634 5648 5650 5774 4217 4287,Sycamore_Creek_Way.html,7930,7930,35,0,0,0,1231.4,411.7
Regency Drive,1,1,Regency Drive,1670 1680 2023 2027 2038 2047 2115,Regency_Drive.html,13128,13128,35,4,4,0,1967.0,638.4
Franklin Drive,1,3,Franklin Drive 1 of 3,1969 1854,Franklin_Drive_1_of_3.html,5483,5483,34,3,3,0,822.0,296.4
Laguna Creek Lane,1,4,Laguna Creek Lane 1 of 4,2613 2617 2619 3384 3385 3446 2519 2702 2717 2739 3543,Laguna_Creek_Lane_1_of_4.html,15263,15263,33,5,5,0,2314.5,710.7
Stanley Boulevard,2,4,Stanley Boulevard 2 of 4,4372 6237 6646 6696 7200 7244 7247 7253 7637 7712 8028 4401 4404,Stanley_Boulevard_2_of_4.html,38845,38845,33,6,2,4,5886.0,1918.6
Old Oak Road,1,1,Old Oak Road,8332 8335 8463 8465 8487 8489 8490 8493 8517 8518 8519 8522 8525,Old_Oak_Road.html,11380,11380,32,3,3,0,1707.1,544.5
Pimlico Drive,1,2,Pimlico Drive 1 of 2,4634 4734 4740 4968 7017 7024 7025 7074 7075 7076 7077 4923 5187,Pimlico_Drive_1_of_2.html,9978,9978,32,3,2,1,1495.5,490.9
Vallecitos Road,2,3,Vallecitos Road 2 of 3,7377 7736 7738 7743 8433 8434 8435 8439 8442 8453,Vallecitos_Road_2_of_3.html,51367,51367,32,8,1,7,7709.8,2286.3
Kottinger Drive,1,1,Kottinger Drive,4249 4269 4344 4384 4411 4452 7210 7215 7225 7238 7258 7261 7286 7299 7301 7318,Kottinger_Drive.html,11025,11025,31,0,0,0,1653.5,534.3
Siena Street,1,1,Siena Street,3298 3299 3303 3304 3613 3632 3637 3639,Siena_Street.html,2321,2321,31,1,1,0,346.9,156.9
Koll Center Parkway,1,5,Koll Center Parkway 1 of 5,2741 2669 2655 2652,Koll_Center_Parkway_1_of_5.html,6878,6878,31,3,3,0,1283.4,378.8
Clubhouse Drive,1,3,Clubhouse Drive 1 of 3,7275,Clubhouse_Drive_1_of_3.html,7932,7932,30,1,1,0,1188.8,410.0
Lexington Way,1,1,Lexington Way,8781 8782 8791 8793 8886 8888 8929 8940 8998 9012 9016 8551 8554 8559 8860 8869,Lexington_Way.html,8771,8771,30,1,1,0,1340.6,435.4
Snowdrop Circle,1,1,Snowdrop Circle,6669 6672 6681 6727 6730 7162,Snowdrop_Circle.html,2574,2574,30,1,1,0,385.5,162.4
Discovery Drive,1,4,Discovery Drive 1 of 4,7958 7960 8022 7974 7978 8024 8025,Discovery_Drive_1_of_4.html,4886,4886,29,1,1,0,814.2,264.1
Hopyard Road,2,4,Hopyard Road 2 of 4,2213 2218 2255 2310 2311 2312 2328 2333 2335 2336 2338 2339 2347 2348 2349 2350 2352 2353 2354 2357 2358 2366 2376 2379 2762 2787 2791 3090 3106 3112 3121 3122 3340 3347 3356 3553,Hopyard_Road_2_of_4.html,24743,24743,29,11,4,7,3891.3,1161.9
Mirador Drive,1,1,Mirador Drive,4323 4325 4327 4345 4347 4348 4414 4428 7259,Mirador_Drive.html,5894,5894,28,2,2,0,881.9,327.5
Lylewood Drive,1,1,Lylewood Drive,2024 2025 2026 2028 2035 2036 2037 2040 2103,Lylewood_Drive.html,4986,4986,28,0,0,0,746.3,278.0
Valley Avenue,3,10,Valley Avenue 3 of 10,3503 4087 5808 3544 3378 3380,Valley_Avenue_3_of_10.html,7430,7430,28,3,3,0,1290.6,397.1
Foothill Road,2,4,Foothill Road 2 of 4,540 716 727 733 737 850 857 859 864 870 884,Foothill_Road_2_of_4.html,11716,11716,28,1,1,0,1753.5,591.7
Piemonte Drive,1,1,Piemonte Drive,7823 7852 7855 7874 7890 7930 7932,Piemonte_Drive.html,12364,12364,28,2,2,0,1854.9,622.7
Hansen Drive,1,2,Hansen Drive 1 of 2,2098 2513 2552 2664 2674 2682 2744 3115 3128 3131 3342 3343 3348,Hansen_Drive_1_of_2.html,9563,9563,28,5,5,0,1434.4,483.2
Vineyard Avenue,2,2,Vineyard Avenue 2 of 2,4262 4369 4373 4374 4397 4454 4461 7202 7213 7232 7241 7255 7296 7312,Vineyard_Avenue_2_of_2.html,7733,7733,28,3,3,0,1160.9,379.6
Lomitas Avenue,1,1,Lomitas Avenue,8768 8797 8802 8954 8958 8961 8971 8974 8995 9022 9026 9103 9108 9113 9127 9129 9132,Lomitas_Avenue.html,8834,8834,28,0,0,0,1324.7,423.2
Case Avenue,1,2,Case Avenue 1 of 2,4031 4085,Case_Avenue_1_of_2.html,5606,5606,27,1,1,0,840.0,313.3
Willow Road,1,3,Willow Road 1 of 3,3065 3069 3070 3076 3054 3043 2913 2914 3063 3046 3047 3050 3057 3058 3067 3068 3078,Willow_Road_1_of_3.html,11732,11732,27,10,10,0,1830.9,552.3
Canyon Meadows Circle,1,1,Canyon Meadows Circle,42 169 171 218,Canyon_Meadows_Circle.html,6002,6002,27,1,1,0,900.6,321.3
Camino Segura,1,1,Camino Segura,2676 2680 2684 2743 2751 2767 2768 2769 2770 2771 2772 2778,Camino_Segura.html,5969,5969,26,1,1,0,892.4,319.6
Stonedale Drive,1,1,Stonedale Drive,1266 1282 1285 1313 1315 1461 1644,Stonedale_Drive.html,6665,6665,25,1,1,0,999.1,362.1
Inglewood Drive,1,4,Inglewood Drive 1 of 4,1789 1853 1857 1990 2149 2168 2261 2269 2337 2478 2796 3042 3059 3072 3158,Inglewood_Drive_1_of_4.html,8232,8232,25,4,4,0,1504.3,446.6
Florian Street,1,1,Florian Street,3596 3600 3601 3604 3611 3622 3707 3711 3726 3731 3733 3743 3747 3758 3760 3852 3858 3860,Florian_Street.html,3553,3553,25,1,1,0,530.9,216.1
Dublin Canyon Road,2,2,Dublin Canyon Road 2 of 2,854 885,Dublin_Canyon_Road_2_of_2.html,3275,3275,24,2,2,0,491.0,212.3
Rosewood Drive,2,3,Rosewood Drive 2 of 3,3837 3843 5409 6068,Rosewood_Drive_2_of_3.html,11345,11345,24,6,6,0,1701.6,646.7
Rosewood Drive,1,3,Rosewood Drive 1 of 3,3838 3839 5410 6067,Rosewood_Drive_1_of_3.html,11533,11533,24,7,7,0,1729.8,653.2
Germano Way,1,1,Germano Way,7884 7885 7886 7899 7904 7917,Germano_Way.html,7151,7151,24,0,0,0,1072.6,376.6
Tarragona Drive,1,1,Tarragona Drive,9161 9164 9167,Tarragona_Drive.html,1975,1975,24,0,0,0,296.6,129.0
Moller Ranch Drive,1,1,Moller Ranch Drive,852 880 883 887 715 719 732,Moller_Ranch_Drive.html,8852,8852,24,0,0,0,1327.7,450.4
Fairlands Drive,2,2,Fairlands Drive 2 of 2,5440 5439 5448 5446 5421 5514 5528 5532 5169 5073 5064 4927 4775,Fairlands_Drive_2_of_2.html,8144,8144,24,3,3,0,1219.9,418.9
Stoneridge Creek Way,1,5,Stoneridge Creek Way 1 of 5,6463 6466 6453 6460,Stoneridge_Creek_Way_1_of_5.html,2112,2112,24,1,1,0,315.9,144.3
Smoketree Commons,1,2,Smoketree Commons 1 of 2,7350 6416,Smoketree_Commons_1_of_2.html,2113,2113,24,1,1,0,316.7,145.9
Del Valle Parkway,2,2,Del Valle Parkway 2 of 2,5577 5671 5675 5697 5721 5837 4020,Del_Valle_Parkway_2_of_2.html,6836,6836,23,3,3,0,1026.0,385.6
Independence Drive,1,4,Independence Drive 1 of 4,4221 4222 4291 4432 4434 4225 4283 4276,Independence_Drive_1_of_4.html,5684,5684,23,1,1,0,850.7,338.7
Touriga Drive,1,1,Touriga Drive,6341 6342 6343 6344 6355 6356 6357 6358 6360 6361 6362 6367 6380 6391,Touriga_Drive.html,7967,7967,23,1,1,0,1191.2,400.2
Crestline Road,1,1,Crestline Road,3781 3782 3783 3787 3790 3791 3792 3793 3794 3804 3991 4005,Crestline_Road.html,7462,7462,23,2,2,0,1116.9,366.0
West Jack London Boulevard,3,3,West Jack London Boulevard 3 of 3,7995 8004 8015 8020 8031,West_Jack_London_Boulevard_3_of_3.html,5238,5238,23,0,0,0,787.1,268.8
Stoneridge Creek Way,2,5,Stoneridge Creek Way 2 of 5,6464 6468 6455 6459,Stoneridge_Creek_Way_2_of_5.html,1719,1719,23,1,1,0,313.4,127.5
Rachael Place,1,2,Rachael Place 1 of 2,4456,Rachael_Place_1_of_2.html,1033,1033,23,0,0,0,154.5,84.2
Talinga Drive,1,1,Talinga Drive,9142 9165 9166,Talinga_Drive.html,2806,2806,23,1,1,0,419.7,168.5
Mavis Drive,1,1,Mavis Drive,7205 7206 7207 7208 7212 7289,Mavis_Drive.html,4169,4169,23,1,1,0,624.0,244.2
Appian Street,1,1,Appian Street,3594 3605 3708 3728 3734 3744 3759 3844 3857,Appian_Street.html,4141,4141,23,3,3,0,620.2,241.4
Wetmore Road,1,2,Wetmore Road 1 of 2,8911 8920 9170 8891 8896 8898,Wetmore_Road_1_of_2.html,10530,10530,23,2,1,1,1581.3,497.5
Willow Road,2,3,Willow Road 2 of 3,3064 3073 3074 3075 2916 2917 3044 3045 3051 3052 3053 3077 3061,Willow_Road_2_of_3.html,6578,6578,22,4,4,0,1815.7,325.5
Whispering Oaks Way,1,1,Whispering Oaks Way,3375 3391 3406 3463,Whispering_Oaks_Way.html,4520,4520,22,3,3,0,677.3,258.3
Vine Street,1,1,Vine Street,7195 7199 7203 7236 7256 7294 7307 7327,Vine_Street.html,4840,4840,22,2,2,0,746.5,257.5
Chabot Drive,1,3,Chabot Drive 1 of 3,2812 2813 2808 2473 2424 2425 2805 2804 2797 2474 2475,Chabot_Drive_1_of_3.html,7651,7651,22,7,7,0,1809.3,393.3
Main Street,1,2,Main Street 1 of 2,5563 5573 5574 5575 5581 5585 5587 5658 5659 5662 5688 5707,Main_Street_1_of_2.html,7445,7445,22,2,1,1,1113.9,413.7
Cameron Circle,1,1,Cameron Circle,4578,Cameron_Circle.html,3241,3241,22,4,4,0,485.6,196.8
Alden Lane,1,1,Alden Lane,8333 8410 8462 8492 8521 8546 8616 8800 8857 8881,Alden_Lane.html,12781,12781,22,0,0,0,1920.1,565.0
Serra Circle,1,1,Serra Circle,3126 3141 3146 3167 3330 3333 3338,Serra_Circle.html,2885,2885,22,3,3,0,431.7,173.0
Diavila Avenue,1,1,Diavila Avenue,5431 5518 5539,Diavila_Avenue.html,2320,2320,22,2,2,0,348.3,152.8
Serpentine Lane,1,1,Serpentine Lane,4548,Serpentine_Lane.html,7706,7706,22,6,6,0,1154.9,365.7
Saint Michael Circle,1,3,Saint Michael Circle 1 of 3,6425 6426 6431 7355 7356,Saint_Michael_Circle_1_of_3.html,2313,2313,22,0,0,0,345.7,150.1
Abbie Street,1,1,Abbie Street,4274 4340 4425 4163 4182 4207 5571 5584 5661,Abbie_Street.html,7889,7889,21,1,1,0,1325.0,407.8
East Angela Street,1,1,East Angela Street,4166 4185 4202 4251 4322 4338 4430 5568 5588 7267 7271,East_Angela_Street.html,9188,9188,21,3,2,1,1378.3,482.5
West Lagoon Road,1,5,West Lagoon Road 1 of 5,2606 3442 3466 2527 2714,West_Lagoon_Road_1_of_5.html,9099,9099,21,5,5,0,1406.6,448.1
Valley Oak Road,1,1,Valley Oak Road,2072 2107 2525 2572,Valley_Oak_Road.html,3885,3885,21,0,0,0,582.9,225.3
First Street,1,4,First Street 1 of 4,4167 4200 4250 4256 4261 4460 5567 5589 5660 5654 5680 4403,First_Street_1_of_4.html,9027,9027,21,1,0,1,1352.2,472.1
West Jack London Boulevard,2,3,West Jack London Boulevard 2 of 3,6246 7445 7539 7542,West_Jack_London_Boulevard_2_of_3.html,5686,5686,21,1,1,0,853.9,307.2
Northway Road,1,3,Northway Road 1 of 3,3350 3557 3565 3583 3772 3784 3800 3818 3997,Northway_Road_1_of_3.html,6915,6915,21,3,3,0,1037.0,347.8
Parkside Drive,1,1,Parkside Drive,3100 3102 3104 3125 3138 3143 3335 3352 3355 3563 3588 3719 3764 3767 3824 3830 3855 2788 2789 3079 3081 3082,Parkside_Drive.html,11966,11966,21,6,6,0,1793.2,573.2
Persimmon Circle,2,2,Persimmon Circle 2 of 2,6674,Persimmon_Circle_2_of_2.html,1095,1095,21,1,1,0,164.4,92.0
Springdale Avenue,1,2,Springdale Avenue 1 of 2,1464 1474 1498 1612 1613 1617 1624 1625 1645 1650 570,Springdale_Avenue_1_of_2.html,7074,7074,21,1,1,0,1058.8,369.5
Wetmore Road,2,2,Wetmore Road 2 of 2,8892 8895 8899,Wetmore_Road_2_of_2.html,2415,2415,21,1,1,0,361.9,159.2
Blessing Drive,1,1,Blessing Drive,314 316 317 320,Blessing_Drive.html,6457,6457,20,0,0,0,968.5,338.6
Division Street,2,2,Division Street 2 of 2,5582 5685 5572 5710,Division_Street_2_of_2.html,3291,3291,20,1,1,0,550.8,211.6
Rachael Place,2,2,Rachael Place 2 of 2,4457 4458,Rachael_Place_2_of_2.html,735,735,20,0,0,0,109.9,70.5
Rheem Drive,1,1,Rheem Drive,4484 5016 5018 5019 5041 5095 5119 5505 5540,Rheem_Drive.html,6109,6109,20,1,1,0,915.7,317.8
Hearst Drive,1,1,Hearst Drive,6277 6280 6369 6375 6378 7277 7280 7285 7315 7317 7359,Hearst_Drive.html,8429,8429,20,1,1,0,1264.8,423.0
Junipero Street,1,1,Junipero Street,4155 4219 5608 5637 5651 5745 5766,Junipero_Street.html,6292,6292,20,0,0,0,944.3,338.3
Georgis Place,1,1,Georgis Place,3606 3609,Georgis_Place.html,888,888,20,0,0,0,132.9,92.9
Foothill Road,3,4,Foothill Road 3 of 4,1252 1254 1440 1454,Foothill_Road_3_of_4.html,5340,5340,20,1,1,0,799.0,320.2
Airway Boulevard,1,2,Airway Boulevard 1 of 2,7770 7771 7789 8012 7781 7782 7783 7784 7786 8047 8050,Airway_Boulevard_1_of_2.html,12839,12839,19,4,2,2,1925.2,636.0
Obsidian Way,1,1,Obsidian Way,7948 8316 8352 8358 8363 8375 8380 8389,Obsidian_Way.html,3760,3760,19,0,0,0,564.0,198.0
Montevino Drive,1,1,Montevino Drive,6253 6254 7429 7434 7439 7440 7441,Montevino_Drive.html,4880,4880,19,1,1,0,730.2,281.2
Harvest Road,1,1,Harvest Road,3812 3813 3815 4000 4002 4018 5724 5725 5732 5838 5846,Harvest_Road.html,7735,7735,19,1,1,0,1158.7,385.4
Sutter Gate Avenue,1,1,Sutter Gate Avenue,3831 3965 3981 5434 5469 5904 5961 5990 6000,Sutter_Gate_Avenue.html,6338,6338,19,3,3,0,950.8,338.9
Cellars Drive,1,3,Cellars Drive 1 of 3,8916 9003,Cellars_Drive_1_of_3.html,1378,1378,19,1,1,0,231.2,103.9
Blackbird Drive,1,1,Blackbird Drive,3334 3345 3346 3354 3559 3586 3590 3766 3785 3802 3823,Blackbird_Drive.html,6234,6234,19,2,2,0,934.7,318.0
Lupine Court,1,1,Lupine Court,2579 2588 2590,Lupine_Court.html,2684,2684,19,0,0,0,402.8,168.4
Trinity Hills Lane,1,1,Trinity Hills Lane,8549 8553 8558 8614 8615 8861 8867,Trinity_Hills_Lane.html,4610,4610,19,1,1,0,691.4,245.5
Courtney Avenue,1,1,Courtney Avenue,7097 7102,Courtney_Avenue.html,2293,2293,18,1,1,0,343.0,151.3
Del Valle Parkway,1,2,Del Valle Parkway 1 of 2,4022 4019 5836 5722 5701 5696 5676 5672 5578,Del_Valle_Parkway_1_of_2.html,6953,6953,18,2,2,0,1043.2,387.9
Concord Street,1,1,Concord Street,6381 6382 6384 6428 7335 7337 7339 7340 7342,Concord_Street.html,6336,6336,18,0,0,0,948.5,330.2
Summertree Drive,1,1,Summertree Drive,8122 8126 8153 8178 8183 8185 8272 8282,Summertree_Drive.html,6762,6762,18,1,1,0,1014.4,341.1
Township Circle,1,1,Township Circle,2622 3434 3437 3439,Township_Circle.html,1698,1698,18,1,1,0,254.1,126.9
Paragon Circle,1,1,Paragon Circle,2113,Paragon_Circle.html,5107,5107,18,0,0,0,765.7,283.3
Arbor Drive,1,1,Arbor Drive,6273 6308 6364 7426 7433,Arbor_Drive.html,5705,5705,18,0,0,0,856.8,301.5
Woodthrush Road,1,1,Woodthrush Road,3819 3820 3988 4006 5866 5869,Woodthrush_Road.html,4207,4207,18,1,1,0,630.1,225.8
Persimmon Circle,1,2,Persimmon Circle 1 of 2,6724 6684 6676 6664,Persimmon_Circle_1_of_2.html,1341,1341,18,0,0,0,200.7,94.5
Baker Drive,1,1,Baker Drive,7100 7105,Baker_Drive.html,1123,1123,18,1,1,0,168.2,100.8
Laurel Creek Way,2,2,Laurel Creek Way 2 of 2,723 734,Laurel_Creek_Way_2_of_2.html,1943,1943,18,0,0,0,291.5,133.4
Holland Drive,1,1,Holland Drive,1687 1689 1690 1697 1700 1701 1806 1808 1814 1846,Holland_Drive.html,4769,4769,18,4,4,0,713.6,261.4
Crellin Road,1,1,Crellin Road,6252 6272 6309 6354 7411 7425 7431,Crellin_Road.html,6239,6239,18,0,0,0,936.6,340.6
Bertolli Drive,1,1,Bertolli Drive,8918 8943,Bertolli_Drive.html,1584,1584,18,1,1,0,237.0,119.4
Tolentino Court,1,1,Tolentino Court,8901,Tolentino_Court.html,654,654,17,0,0,0,98.2,74.4
Trimingham Drive,1,1,Trimingham Drive,4999 5000 5021 5025 5026 5035 5105 5133,Trimingham_Drive.html,3427,3427,17,0,0,0,513.6,188.5
Saint Mary Street,1,1,Saint Mary Street,5580 5677 5726,Saint_Mary_Street.html,3227,3227,17,2,2,0,484.6,221.8
Eilene Drive,1,1,Eilene Drive,4984 4988 4991 4992 5017,Eilene_Drive.html,3422,3422,17,0,0,0,511.8,185.2
Foothill Knolls Drive,1,1,Foothill Knolls Drive,1239 1672 1683 2044,Foothill_Knolls_Drive.html,5199,5199,17,1,1,0,780.4,287.2
Oak Vista Way,1,5,Oak Vista Way 1 of 5,3366 3370 3397,Oak_Vista_Way_1_of_5.html,3876,3876,17,2,2,0,612.1,229.3
Cameron Avenue,1,1,Cameron Avenue,4509 4577 4598 4599 7096 7098,Cameron_Avenue.html,3307,3307,17,1,1,0,496.4,194.9
Golden Eagle Way,2,6,Golden Eagle Way 2 of 6,2600 2616 2703 2704 2712 2724 2727 2732,Golden_Eagle_Way_2_of_6.html,4625,4625,17,2,2,0,692.0,266.2
Tessa Place,1,1,Tessa Place,4240 4244 4248 4258 4264 4266,Tessa_Place.html,2225,2225,17,1,1,0,332.8,150.3
Greenwood Road,1,1,Greenwood Road,5733 5918 5919 5920 5921 5922 5923 5924 5925 5926 5927 5928 5931,Greenwood_Road.html,9649,9649,17,2,2,0,1443.0,445.2
Meadowlark Drive,1,1,Meadowlark Drive,2079 2081 2091 2555,Meadowlark_Drive.html,3452,3452,17,3,3,0,516.8,203.8
Kolln Street,1,1,Kolln Street,4455 4462 4463 4465 4467 4468 4469 4470 4464 4466 4479 5001 5010 5013 5020 5036 5039 5099 5118 5123 5130 5158 5159,Kolln_Street.html,11109,11109,17,4,3,1,1682.1,525.2
Lagiss Drive,1,1,Lagiss Drive,8922 8924,Lagiss_Drive.html,2814,2814,17,2,2,0,421.1,163.8
Sports Park Drive,1,1,Sports Park Drive,3101 3560,Sports_Park_Drive.html,8326,8326,17,3,2,1,1250.5,419.5
Kolb Ranch Drive,1,1,Kolb Ranch Drive,426,Kolb_Ranch_Drive.html,3141,3141,17,0,0,0,471.8,195.8
Trevor Parkway,1,1,Trevor Parkway,6654 6655 6656 6657 6658,Trevor_Parkway.html,1605,1605,17,0,0,0,239.6,111.0
Lennox Court,1,1,Lennox Court,9011,Lennox_Court.html,603,603,17,0,0,0,90.2,71.0
Via de Los Cerros,1,1,Via de Los Cerros,2320 2324 2498 2750 2777,Via_de_Los_Cerros.html,2913,2913,17,1,1,0,437.1,183.7
Forest Hill Drive,1,1,Forest Hill Drive,1616 1622 1627 1630 1632,Forest_Hill_Drive.html,3330,3330,17,1,1,0,498.1,199.4
Frederick Michael Way,1,1,Frederick Michael Way,8953 9133 9136,Frederick_Michael_Way.html,2427,2427,17,0,0,0,364.6,152.0
Discovery Drive,2,4,Discovery Drive 2 of 4,8018 8027,Discovery_Drive_2_of_4.html,3237,3237,16,1,1,0,576.3,185.3
Bonita Avenue,1,1,Bonita Avenue,4341 4451 7262,Bonita_Avenue.html,6134,6134,16,0,0,0,920.7,317.6
I 680,2,2,I 680 2 of 2,1268 1283 1469 1512 1818 2715 3367 4091 4144 5779,I_680_2_of_2.html,86347,86347,16,14,3,11,12935.5,4953.0
Churchill Drive,1,1,Churchill Drive,4969 4970 5058 5063 5066 5075 5530,Churchill_Drive.html,6268,6268,16,1,1,0,939.5,323.8
Sunol Boulevard,3,3,Sunol Boulevard 3 of 3,5796 4089,Sunol_Boulevard_3_of_3.html,500,500,16,0,0,0,445.9,74.7
Old Vineyard Avenue,1,1,Old Vineyard Avenue,7641,Old_Vineyard_Avenue.html,1448,1448,16,0,0,0,217.2,117.5
Moreno Avenue,1,1,Moreno Avenue,5537 5538,Moreno_Avenue.html,1325,1325,16,0,0,0,198.1,95.1
Via de Los Milagros,1,1,Via de Los Milagros,3085 3091 3096 3127,Via_de_Los_Milagros.html,4080,4080,16,0,0,0,611.6,225.7
Calle Altamira,1,1,Calle Altamira,2082 2087 2510 2539 2547 2553 2677 2678 2688 2749,Calle_Altamira.html,5560,5560,16,2,2,0,833.2,288.3
Prairie Drive,1,1,Prairie Drive,1233 1676 2046,Prairie_Drive.html,3602,3602,16,0,0,0,540.4,206.3
Winding Oaks Drive,1,1,Winding Oaks Drive,7661,Winding_Oaks_Drive.html,4080,4080,16,0,0,0,611.9,232.9
Vintage Drive,1,1,Vintage Drive,7328,Vintage_Drive.html,636,636,16,0,0,0,95.5,81.0
El Caminito,1,1,El Caminito,8073 8089 8110 8125 8127 8128 8646 8651 8665 8668 8697 8706 8713 8726 8749,El_Caminito.html,14333,14333,16,2,2,0,2148.7,641.3
East Gate Way,1,1,East Gate Way,3388 3407 3462,East_Gate_Way.html,2373,2373,16,1,1,0,355.4,155.7
Allegro Street,1,1,Allegro Street,8613,Allegro_Street.html,2181,2181,16,0,0,0,326.7,129.0
Dunsmuir Circle,1,1,Dunsmuir Circle,7080 7086,Dunsmuir_Circle.html,2879,2879,15,2,2,0,431.9,179.4
West Angela Street,1,1,West Angela Street,5583 5656 5691 5712 5735,West_Angela_Street.html,3440,3440,15,1,1,0,516.2,208.7
Altair Avenue,1,1,Altair Avenue,8482 8483 8484 8485 8486,Altair_Avenue.html,3551,3551,15,0,0,0,530.9,191.8
Paladin Way,1,1,Paladin Way,7905 7920 7926 7928,Paladin_Way.html,3950,3950,15,0,0,0,592.2,231.0
Verdala Drive,1,1,Verdala Drive,9095 9169,Verdala_Drive.html,1610,1610,15,1,1,0,240.8,120.2
Mill Creek Place,1,1,Mill Creek Place,3389 3390,Mill_Creek_Place.html,1094,1094,15,1,1,0,163.8,107.3
Nevada Court,1,1,Nevada Court,7346,Nevada_Court.html,737,737,15,1,1,0,110.4,84.3
Chardonnay Drive,1,1,Chardonnay Drive,6261 6269 6289 6300 6323 6328,Chardonnay_Drive.html,2951,2951,15,0,0,0,442.6,191.4
Sonoma Drive,1,1,Sonoma Drive,5635 5638 5639 5642 5761,Sonoma_Drive.html,4524,4524,15,1,1,0,678.0,251.2
Discovery Drive,3,4,Discovery Drive 3 of 4,7975 7979 8023 8026,Discovery_Drive_3_of_4.html,2309,2309,15,1,1,0,806.4,151.0
Arthur H. Breed Junior Freeway,1,2,Arthur H. Breed Junior Freeway 1 of 2,135 590 645 889 1513 1707 1925 2216 3173 3654 3937 4925 5358 6023 6149 6544 6909 7700 7763 7791 8008,Arthur_H_Breed_Junior_Freeway_1_of_2.html,123307,123307,15,10,1,9,18537.1,5733.9
Plymouth Avenue,1,1,Plymouth Avenue,3435 3451,Plymouth_Avenue.html,540,540,14,0,0,0,80.7,68.9
Deer Oaks Drive,1,1,Deer Oaks Drive,1666 2057,Deer_Oaks_Drive.html,4346,4346,14,1,0,1,652.0,243.8
Wood Hollow Drive,1,1,Wood Hollow Drive,8619 8621 8622 8623 8626 8627,Wood_Hollow_Drive.html,3320,3320,14,3,3,0,496.2,182.4
Hopkins Way,1,1,Hopkins Way,4208 4209 4285 4420 4431,Hopkins_Way.html,5062,5062,14,1,1,0,758.9,290.6
Nevada Street,1,1,Nevada Street,4379 4388 7197 7242 7308 7329,Nevada_Street.html,6410,6410,14,5,1,4,962.5,347.8
Maywood Drive,1,1,Maywood Drive,1274 1431 1466 1472 1477 1499 1614 1647,Maywood_Drive.html,4413,4413,14,1,1,0,662.2,254.2
Sunset Creek Lane,1,1,Sunset Creek Lane,4330 4433 4212 4220 4290,Sunset_Creek_Lane.html,5671,5671,14,1,0,1,867.2,309.6
Rockingham Drive,1,1,Rockingham Drive,4495 4496 4975 4981 5061 5068 5080 5081 5167,Rockingham_Drive.html,3560,3560,14,1,1,0,533.0,199.6
Clubhouse Drive,2,3,Clubhouse Drive 2 of 3,7761 7764 7765 7769 7772,Clubhouse_Drive_2_of_3.html,4135,4135,14,0,0,0,620.8,225.8
Bordeaux Street,1,1,Bordeaux Street,6333 6365 6371,Bordeaux_Street.html,3818,3818,14,0,0,0,572.1,219.9
Vermont Place,1,1,Vermont Place,6637 6651 6665,Vermont_Place.html,3795,3795,14,3,3,0,568.5,204.5
Chabot Drive,2,3,Chabot Drive 2 of 3,2800 2806 2807 2811 2798 2799 2801,Chabot_Drive_2_of_3.html,4875,4875,14,4,4,0,729.0,258.8
Kalthoff Common,1,1,Kalthoff Common,8456 8530,Kalthoff_Common.html,17678,17678,14,10,6,4,2653.3,1040.5
Ironwood Drive,2,5,Ironwood Drive 2 of 5,7174 7187 7188 7189 7132,Ironwood_Drive_2_of_5.html,1867,1867,14,1,1,0,346.3,131.6
Vetta Drive,1,1,Vetta Drive,7938 7942 7944,Vetta_Drive.html,3226,3226,14,1,1,0,483.1,181.7
Irongate Drive,1,1,Irongate Drive,7134 7168 7169,Irongate_Drive.html,1457,1457,14,1,1,0,218.0,106.8
Augustine Street,1,1,Augustine Street,5705 5713,Augustine_Street.html,2189,2189,14,1,1,0,327.7,161.8
Arthur Drive,1,1,Arthur Drive,2505 2757 2765 2783 3083,Arthur_Drive.html,3102,3102,14,3,3,0,465.1,188.4
Sanctuary Lane,1,2,Sanctuary Lane 1 of 2,4297 4310 4313,Sanctuary_Lane_1_of_2.html,3106,3106,14,0,0,0,465.1,179.5
Sterling Greens Circle,1,1,Sterling Greens Circle,3500 3502 4079 4082,Sterling_Greens_Circle.html,6188,6188,14,3,2,1,928.6,332.1
Neal Street,1,1,Neal Street,4165 4183 4188 4201 4235 4270 4342 4385 4409 4449 5565,Neal_Street.html,6313,6313,14,2,2,0,946.7,333.4
Payne Road,1,1,Payne Road,1704 1813 1842 1845 1997,Payne_Road.html,5260,5260,14,2,2,0,787.9,288.0
Vineyard Place,1,2,Vineyard Place 1 of 2,7239 7228 7229,Vineyard_Place_1_of_2.html,2433,2433,14,0,0,0,444.9,153.2
Peters Avenue,1,1,Peters Avenue,5579 5657 5663 5678 5686,Peters_Avenue.html,4292,4292,14,0,0,0,642.4,247.8
Riddell Street,1,1,Riddell Street,5795 5797 5804 5805,Riddell_Street.html,3245,3245,14,0,0,0,499.6,190.6
Pineto Place,1,1,Pineto Place,7853 7867 7873 7875 7877,Pineto_Place.html,3736,3736,14,0,0,0,560.1,218.9
Pomino Way,1,1,Pomino Way,7745 7812 7814,Pomino_Way.html,3877,3877,13,0,0,0,581.1,218.9
Bella Kristina Lane,1,1,Bella Kristina Lane,9131,Bella_Kristina_Lane.html,1581,1581,13,1,0,1,236.7,118.9
Oakland Avenue,1,1,Oakland Avenue,5048 5049 5051,Oakland_Avenue.html,3110,3110,13,1,1,0,465.4,188.1
Owens Court,1,1,Owens Court,2421 2422,Owens_Court.html,1385,1385,13,1,1,0,207.3,118.8
Camino del Lago,1,1,Camino del Lago,2493 2501 2752,Camino_del_Lago.html,2657,2657,13,2,2,0,398.1,160.5
Padua Way,1,1,Padua Way,8555 8557 8864 8871,Padua_Way.html,2452,2452,13,0,0,0,367.6,145.2
Prima Drive,1,3,Prima Drive 1 of 3,8397 8400 8401 8409,Prima_Drive_1_of_3.html,2602,2602,13,2,2,0,417.6,155.8
East Vineyard Avenue,1,2,East Vineyard Avenue 1 of 2,8331 8528 8531,East_Vineyard_Avenue_1_of_2.html,11099,11099,13,0,0,0,1666.7,530.8
Zenato Place,1,2,Zenato Place 1 of 2,7746 7815 7803,Zenato_Place_1_of_2.html,5484,5484,13,1,1,0,822.0,297.4
Creek Trail Drive,1,1,Creek Trail Drive,4049,Creek_Trail_Drive.html,2155,2155,13,0,0,0,323.0,138.9
Monaco Drive,1,3,Monaco Drive 1 of 3,5591 5641 5762,Monaco_Drive_1_of_3.html,4822,4822,13,0,0,0,766.4,262.8
Laguna Hills Lane,1,1,Laguna Hills Lane,2603 2610 2700,Laguna_Hills_Lane.html,2328,2328,13,1,1,0,348.6,152.9
Ruby Hill Drive,2,2,Ruby Hill Drive 2 of 2,8430 8436,Ruby_Hill_Drive_2_of_2.html,1368,1368,13,0,0,0,205.3,120.7
Fiore Bella Way,1,1,Fiore Bella Way,8879,Fiore_Bella_Way.html,2910,2910,13,1,1,0,437.0,165.4
I 680,1,2,I 680 1 of 2,1279 1314 1427 1470 1807 2516 3368 4090 4140 4141 5622,I_680_1_of_2.html,88228,88228,13,14,2,12,13217.5,5017.5
Torino Court,1,1,Torino Court,3634 3638,Torino_Court.html,573,573,13,0,0,0,85.7,70.5
Ironwood Drive,3,5,Ironwood Drive 3 of 5,7177 7183 7184,Ironwood_Drive_3_of_5.html,1731,1731,13,1,1,0,258.7,124.0
Glen Isle Avenue,1,1,Glen Isle Avenue,4491 4503 4516 4994,Glen_Isle_Avenue.html,2290,2290,13,2,2,0,342.9,142.8
Happy Valley Road,1,1,Happy Valley Road,4106 4113 4149 4299 4308 5612 5630 5794,Happy_Valley_Road.html,11293,11293,13,5,0,5,1695.8,555.7
Denker Drive,1,1,Denker Drive,1786 1790 1847 1851 1859 1975 1978 1980 1984 1987 1989 1991,Denker_Drive.html,6462,6462,13,3,3,0,966.7,333.8
Del Valle Court,1,1,Del Valle Court,4265,Del_Valle_Court.html,1045,1045,13,0,0,0,156.3,82.5
Paseo Granada,1,1,Paseo Granada,2290 2319 2499,Paseo_Granada.html,2790,2790,12,1,1,0,418.4,166.8
Huff Drive,1,1,Huff Drive,4592 7082 7091,Huff_Drive.html,2358,2358,12,1,1,0,353.8,154.6
Calle Reynoso,1,1,Calle Reynoso,2511 2538 2540 2541,Calle_Reynoso.html,3401,3401,12,1,1,0,508.9,191.3
Picholine Drive,1,1,Picholine Drive,9146,Picholine_Drive.html,810,810,12,1,1,0,121.1,85.6
Pleasanton Avenue,3,5,Pleasanton Avenue 3 of 5,3507 3496 3531,Pleasanton_Avenue_3_of_5.html,776,776,12,0,0,0,297.4,86.3
Via del Cielo,1,1,Via del Cielo,3088 3089 3093,Via_del_Cielo.html,2565,2565,12,1,1,0,383.7,162.2
Oak Creek Drive,1,1,Oak Creek Drive,1258 1434 1448 1452 1453 1491,Oak_Creek_Drive.html,2911,2911,12,1,1,0,436.7,198.2
Madeira Drive,1,1,Madeira Drive,6282 6285 6307 6330 6363,Madeira_Drive.html,2698,2698,12,0,0,0,404.5,157.8
Kirkcaldy Street,1,1,Kirkcaldy Street,6739 6890 6906 7055,Kirkcaldy_Street.html,2100,2100,12,0,0,0,315.3,123.8
Siena Road,1,1,Siena Road,8535 8550,Siena_Road.html,3195,3195,12,1,1,0,479.0,191.3
Sardonyx Court,1,1,Sardonyx Court,7947,Sardonyx_Court.html,1079,1079,12,0,0,0,161.7,83.4
Wild Flower Lane,1,1,Wild Flower Lane,7198,Wild_Flower_Lane.html,1022,1022,12,0,0,0,153.0,96.1
Silver Oaks Court,1,1,Silver Oaks Court,7638 7642,Silver_Oaks_Court.html,692,692,12,0,0,0,103.4,83.6
Arlington Drive,1,1,Arlington Drive,5755 5785 5786 5811 5827,Arlington_Drive.html,3367,3367,12,1,1,0,503.9,216.9
Sycamore Road,1,3,Sycamore Road 1 of 3,4151 4305 5633 5649 5753 5759,Sycamore_Road_1_of_3.html,6858,6858,12,0,0,0,1029.7,363.6
Tawny Drive,1,3,Tawny Drive 1 of 3,6398 6417 6435 7349,Tawny_Drive_1_of_3.html,2460,2460,12,1,1,0,369.3,159.3
McWilliams Lane,1,1,McWilliams Lane,1654,McWilliams_Lane.html,535,535,12,0,0,0,80.2,68.5
Paseo Santa Maria,1,1,Paseo Santa Maria,2322,Paseo_Santa_Maria.html,4107,4107,12,2,2,0,616.4,239.4
Old Santa Rita Road,2,3,Old Santa Rita Road 2 of 3,5979 5980 5982,Old_Santa_Rita_Road_2_of_3.html,1887,1887,12,0,0,0,282.1,139.2
Embarcadero Court,1,2,Embarcadero Court 1 of 2,1608,Embarcadero_Court_1_of_2.html,1733,1733,12,0,0,0,260.4,121.9
Cotton Mill Way,1,1,Cotton Mill Way,3369 3374,Cotton_Mill_Way.html,1132,1132,12,0,0,0,169.9,92.3
Sylvaner Drive,1,1,Sylvaner Drive,6284 6287 6303 6305 6313,Sylvaner_Drive.html,4605,4605,12,0,0,0,690.1,252.0
Nichole Avenue,1,1,Nichole Avenue,7103 7116,Nichole_Avenue.html,1438,1438,12,1,1,0,216.0,114.4
Embarcadero Court,2,2,Embarcadero Court 2 of 2,1609,Embarcadero_Court_2_of_2.html,1688,1688,12,0,0,0,253.6,120.4
Lakewood Street,1,1,Lakewood Street,1436 1437 1442 1446 1455 1457,Lakewood_Street.html,2565,2565,12,0,0,0,383.4,159.6
Gray Fox Circle,1,2,Gray Fox Circle 1 of 2,7396 7656 7659,Gray_Fox_Circle_1_of_2.html,3886,3886,12,1,1,0,582.7,228.4
Trailside Circle,1,1,Trailside Circle,6449 6456,Trailside_Circle.html,2479,2479,12,4,4,0,371.2,149.6
Skylark Way,1,1,Skylark Way,3822 3989 4009,Skylark_Way.html,4879,4879,12,1,1,0,731.7,265.9
Palomino Drive,1,1,Palomino Drive,6385 7323 7334 7341 7357,Palomino_Drive.html,3331,3331,11,0,0,0,499.4,194.6
Hopyard Road,3,4,Hopyard Road 3 of 4,3797 4046 4048 4051 3577 3581,Hopyard_Road_3_of_4.html,5323,5323,11,0,0,0,798.1,278.3
Pleasanton Avenue,2,5,Pleasanton Avenue 2 of 5,3498 3491,Pleasanton_Avenue_2_of_5.html,855,855,11,0,0,0,190.6,89.4
Cortina Court,1,1,Cortina Court,3306,Cortina_Court.html,288,288,11,0,0,0,43.1,57.3
Albert Way,1,1,Albert Way,8236 8246 8294 8295,Albert_Way.html,1664,1664,11,0,0,0,249.4,109.2
Old Santa Rita Road,1,3,Old Santa Rita Road 1 of 3,6024 6025 5981 5983,Old_Santa_Rita_Road_1_of_3.html,4971,4971,11,1,1,0,743.9,266.9
Canyon Way,1,5,Canyon Way 1 of 5,862,Canyon_Way_1_of_5.html,1775,1775,11,0,0,0,266.0,123.7
Old Bernal Avenue,1,1,Old Bernal Avenue,5681 5711 5740 5831 5833,Old_Bernal_Avenue.html,3341,3341,11,1,1,0,500.9,219.2
Ruby Hill Drive,1,2,Ruby Hill Drive 1 of 2,8431 8437,Ruby_Hill_Drive_1_of_2.html,1406,1406,11,0,0,0,211.1,121.9
Alexander Way,1,1,Alexander Way,5161 5519,Alexander_Way.html,2648,2648,11,1,1,0,397.0,159.7
Calle Alegre,1,1,Calle Alegre,3095 3117 3129,Calle_Alegre.html,2663,2663,11,1,1,0,399.3,159.4
Wagoner Drive,1,1,Wagoner Drive,8708 8709 8711 8712 8836 8838 8840 8841,Wagoner_Drive.html,7501,7501,11,0,0,0,1122.0,348.4
Genovesio Drive,1,1,Genovesio Drive,3755,Genovesio_Drive.html,3525,3525,11,1,1,0,528.6,207.1
Ballantyne Drive,1,1,Ballantyne Drive,7054 7149,Ballantyne_Drive.html,4337,4337,11,3,3,0,651.1,236.6
Cornerstone Common,1,3,Cornerstone Common 1 of 3,8274 8260 8258 8256 8255 8257 8244,Cornerstone_Common_1_of_3.html,1164,1164,11,1,1,0,173.8,94.3
Concord Place,1,1,Concord Place,7358,Concord_Place.html,1614,1614,11,1,1,0,241.9,116.3
Spumante Place,1,2,Spumante Place 1 of 2,7825 7829 7831 7824 7827,Spumante_Place_1_of_2.html,3820,3820,11,0,0,0,572.2,223.3
Donahue Drive,1,1,Donahue Drive,7119 7131,Donahue_Drive.html,1610,1610,11,0,0,0,241.3,108.1
Crosby Drive,1,1,Crosby Drive,219,Crosby_Drive.html,2322,2322,11,1,1,0,348.6,162.4
Krause Street,1,1,Krause Street,5085 5093 5541,Krause_Street.html,1977,1977,11,0,0,0,296.7,121.4
Francisco Street,1,1,Francisco Street,5002 5009 5028 5104 5137 5143 5147,Francisco_Street.html,2776,2776,11,1,1,0,416.3,161.1
Longview Drive,1,1,Longview Drive,2055 2058 2073 2110,Longview_Drive.html,3512,3512,11,0,0,0,527.1,229.4
Tanager Drive,1,1,Tanager Drive,5475 5476 5477 5478 5962 5963,Tanager_Drive.html,3428,3428,11,2,2,0,512.3,193.6
Tom Burnett Lane,1,1,Tom Burnett Lane,2161,Tom_Burnett_Lane.html,647,647,11,0,0,0,96.8,80.4
Smallwood Court,1,1,Smallwood Court,6370,Smallwood_Court.html,3296,3296,11,0,0,0,494.1,195.0
Rialto Way,1,1,Rialto Way,3730 3745 3761,Rialto_Way.html,1099,1099,11,1,1,0,164.5,99.7
Moss Tree Way,1,1,Moss Tree Way,2612 2631 3443,Moss_Tree_Way.html,1725,1725,10,0,0,0,258.4,119.5
San Marco Way,1,1,San Marco Way,3623 3631,San_Marco_Way.html,1020,1020,10,1,1,0,153.0,96.0
San Antonio Street,1,1,San Antonio Street,5595 5596 5604,San_Antonio_Street.html,3128,3128,10,0,0,0,468.1,199.4
Saint Michael Circle,2,3,Saint Michael Circle 2 of 3,6436,Saint_Michael_Circle_2_of_3.html,589,589,10,0,0,0,88.4,71.1
Jorgensen Lane,1,2,Jorgensen Lane 1 of 2,1669 2052 2032,Jorgensen_Lane_1_of_2.html,2066,2066,10,0,0,0,316.8,139.1
Clover Court,1,1,Clover Court,2070,Clover_Court.html,2824,2824,10,0,0,0,423.0,172.5
Bettona Street,1,1,Bettona Street,8560 8561 8563,Bettona_Street.html,2950,2950,10,0,0,0,441.6,161.4
Second Street,1,1,Second Street,4162 4191 4236 5570,Second_Street.html,4239,4239,10,0,0,0,635.2,232.3
Trieste Way,1,1,Trieste Way,3608 3635,Trieste_Way.html,688,688,10,0,0,0,103.0,74.9
Bradford Way,1,6,Bradford Way 1 of 6,6702 6704 6714 6715 6705 7164,Bradford_Way_1_of_6.html,2917,2917,10,1,1,0,559.5,179.1
San Giorgio Court,1,1,San Giorgio Court,3628,San_Giorgio_Court.html,301,301,10,0,0,0,45.1,57.9
Independence Drive,3,4,Independence Drive 3 of 4,4226 4282,Independence_Drive_3_of_4.html,1657,1657,10,0,0,0,248.0,127.1
Impruneta Court,1,1,Impruneta Court,8912,Impruneta_Court.html,757,757,10,1,1,0,113.2,74.9
Tonopah Circle,1,1,Tonopah Circle,5992 5996,Tonopah_Circle.html,2110,2110,10,2,2,0,316.1,159.1
Nolan Court,1,1,Nolan Court,7099,Nolan_Court.html,764,764,10,0,0,0,114.5,78.0
Equestrian Drive,1,1,Equestrian Drive,4576,Equestrian_Drive.html,1747,1747,10,1,1,0,261.8,133.0
Virgil Circle,1,1,Virgil Circle,2764 2786,Virgil_Circle.html,2200,2200,10,1,1,0,329.7,147.7
Persimmon Way,1,1,Persimmon Way,6633 6638 6649,Persimmon_Way.html,1188,1188,10,0,0,0,178.2,86.3
Superior Drive,1,1,Superior Drive,8942 8946 8947 8949 9078 9091 9097 9134 9137 9138 9157,Superior_Drive.html,6796,6796,10,1,1,0,1018.2,339.7
Acorn Way,1,1,Acorn Way,8366 8371,Acorn_Way.html,1380,1380,10,1,1,0,207.1,102.4
Alvord Way,1,1,Alvord Way,1785 1848 1977 1985 2150 2166 2274,Alvord_Way.html,3455,3455,10,2,2,0,518.4,200.4
Amber Lane,1,3,Amber Lane 1 of 3,5619 5623 5625 5626 5631 5783,Amber_Lane_1_of_3.html,3557,3557,10,1,1,0,614.2,224.1
Paseo del Cajon,1,1,Paseo del Cajon,3512 3513 3521 3580 3776,Paseo_del_Cajon.html,5572,5572,10,2,2,0,835.3,290.1
Via Quito,1,1,Via Quito,2085 2086 2546 2548,Via_Quito.html,3794,3794,10,1,1,0,568.9,210.7
Campinia Place,1,1,Campinia Place,7912,Campinia_Place.html,3308,3308,10,1,1,0,496.1,198.7
Palmer Drive,1,1,Palmer Drive,4510 4530 4531 4538 4539,Palmer_Drive.html,3476,3476,10,3,3,0,519.9,191.9
Stoneridge Mall Road,2,2,Stoneridge Mall Road 2 of 2,1651 1642 1638,Stoneridge_Mall_Road_2_of_2.html,2561,2561,10,1,1,0,383.1,162.5
Garden Creek Circle,1,1,Garden Creek Circle,4986 5052 5053,Garden_Creek_Circle.html,2335,2335,10,1,1,0,349.7,145.2
Driftwood Way,1,1,Driftwood Way,1289 1445 1479 1488,Driftwood_Way.html,3803,3803,10,0,0,0,570.8,206.9
Quintana Terrace,1,1,Quintana Terrace,3326 3337,Quintana_Terrace.html,624,624,10,0,0,0,93.2,64.8
Vineyard Terrace,1,1,Vineyard Terrace,7639,Vineyard_Terrace.html,1032,1032,10,0,0,0,154.5,91.8
Livingston Place,1,1,Livingston Place,4320 4332 4416 4419,Livingston_Place.html,2688,2688,10,1,1,0,402.7,181.5
Foothill Road,4,4,Foothill Road 4 of 4,1677,Foothill_Road_4_of_4.html,3101,3101,10,1,1,0,465.0,195.8
Fairgrounds Road,1,1,Fairgrounds Road,4028 4043 4055 4070 4077 5850,Fairgrounds_Road.html,4056,4056,10,1,1,0,608.0,244.4
Fiesta Drive,1,1,Fiesta Drive,3725,Fiesta_Drive.html,301,301,10,0,0,0,45.0,72.5
Fair Street,1,1,Fair Street,4024 4045,Fair_Street.html,1056,1056,10,0,0,0,158.2,98.1
Milani Avenue,1,1,Milani Avenue,5506 5507,Milani_Avenue.html,688,688,10,0,0,0,102.7,66.6
Thistle Way,1,1,Thistle Way,4638 4639 4641,Thistle_Way.html,894,894,10,0,0,0,133.4,83.1
Cindy Way,1,1,Cindy Way,3546,Cindy_Way.html,1239,1239,10,0,0,0,185.4,91.1
Grapevine Drive,1,2,Grapevine Drive 1 of 2,6262 6263 6264 6265 6266 6268 6271,Grapevine_Drive_1_of_2.html,1982,1982,10,0,0,0,296.2,124.7
Thiessen Street,1,2,Thiessen Street 1 of 2,7722 7727,Thiessen_Street_1_of_2.html,1881,1881,10,1,1,0,281.5,135.3
Lusitana Drive,1,1,Lusitana Drive,8937,Lusitana_Drive.html,1250,1250,10,0,0,0,186.9,94.6
Lucero Court,1,1,Lucero Court,3296,Lucero_Court.html,315,315,10,0,0,0,47.1,58.5
Newton Way,1,2,Newton Way 1 of 2,4528 4580 4600,Newton_Way_1_of_2.html,1802,1802,10,1,1,0,270.4,120.9
Cascara Court,1,1,Cascara Court,2565,Cascara_Court.html,2098,2098,10,0,0,0,314.9,140.2
Arches Way,1,1,Arches Way,1834 1999,Arches_Way.html,1447,1447,9,0,0,0,217.0,107.4
Alameda Drive,1,1,Alameda Drive,5482 5486 5936 5939,Alameda_Drive.html,2011,2011,9,1,1,0,301.7,128.3
Yosemite Drive,1,1,Yosemite Drive,7971 7972 8165 8167 8190,Yosemite_Drive.html,5545,5545,9,1,1,0,830.4,280.9
Antonini Way,1,1,Antonini Way,7881 7888,Antonini_Way.html,2910,2910,9,1,1,0,436.5,180.1
Rathbone Way,1,1,Rathbone Way,4591 7092,Rathbone_Way.html,1386,1386,9,0,0,0,208.0,96.8
Vineyard Heights Lane,1,1,Vineyard Heights Lane,7664 7728 7732,Vineyard_Heights_Lane.html,2186,2186,9,1,1,0,328.1,154.9
Buckeye Court,1,2,Buckeye Court 1 of 2,2530,Buckeye_Court_1_of_2.html,2244,2244,9,2,2,0,336.4,151.0
Freisman Road,1,1,Freisman Road,7545 7594 7671,Freisman_Road.html,4881,4881,9,2,1,1,733.0,256.8
Peridot Drive,1,1,Peridot Drive,8386 8387 8388,Peridot_Drive.html,1851,1851,9,0,0,0,276.7,114.6
Barcenilla Lane,1,1,Barcenilla Lane,3150 3328,Barcenilla_Lane.html,1113,1113,9,0,0,0,167.0,92.9
Prato Way,1,1,Prato Way,8372 8390,Prato_Way.html,2172,2172,9,0,0,0,325.6,127.7
Calle de la Mesa,1,1,Calle de la Mesa,2095 2133 2289,Calle_de_la_Mesa.html,2815,2815,9,2,2,0,421.8,174.2
Andrews Drive,1,1,Andrews Drive,3962 5894 5978,Andrews_Drive.html,3874,3874,9,1,1,0,581.1,219.8
East Stanley Boulevard,1,2,East Stanley Boulevard 1 of 2,7968 8057 8124 8179 8202 8279 8679,East_Stanley_Boulevard_1_of_2.html,9743,9743,9,1,0,1,1464.1,468.0
River Rock Hill Road,1,1,River Rock Hill Road,1492,River_Rock_Hill_Road.html,1319,1319,9,0,0,0,197.8,104.5
Pleasanton Sunol Road,1,1,Pleasanton Sunol Road,4092 4093 4110 4136 5621,Pleasanton_Sunol_Road.html,39193,39193,9,8,0,8,5872.2,1838.3
Remillard Court,1,1,Remillard Court,7316,Remillard_Court.html,4292,4292,9,1,1,0,643.1,240.1
Encino Drive,1,1,Encino Drive,8090 8107 8108 8137 8145 8308,Encino_Drive.html,3150,3150,9,1,0,1,472.4,178.7
Machado Place,1,1,Machado Place,7747,Machado_Place.html,1708,1708,9,0,0,0,256.5,118.5
Hampton Road,1,1,Hampton Road,8776 8785 8798 9017 9020,Hampton_Road.html,3907,3907,9,0,0,0,585.4,208.7
Manoir Lane,1,1,Manoir Lane,7715 7723 7726,Manoir_Lane.html,2055,2055,9,0,0,0,307.6,129.3
Magnolia Circle,1,1,Magnolia Circle,4481 4997,Magnolia_Circle.html,1524,1524,9,2,2,0,228.3,118.2
Gulfstream Street,1,1,Gulfstream Street,4593 4594 4595 4640,Gulfstream_Street.html,3140,3140,9,1,1,0,469.4,181.0
Arroyo Road,1,3,Arroyo Road 1 of 3,9175 9197 9072 9075 9080 9187 9185 9081 9082 9083 9178 9180 9181 9182,Arroyo_Road_1_of_3.html,26080,26080,9,5,1,4,4067.6,1141.9
Livermore Outlets Drive,1,3,Livermore Outlets Drive 1 of 3,7543,Livermore_Outlets_Drive_1_of_3.html,3829,3829,9,2,2,0,573.8,215.8
Norton Way,1,1,Norton Way,6386 6388 6410 6421 6423 6427,Norton_Way.html,3026,3026,9,0,0,0,452.5,171.9
National Park Road,1,1,National Park Road,2486 2488 2508 2756,National_Park_Road.html,1807,1807,9,1,1,0,270.4,129.0
Mountain View Drive,1,1,Mountain View Drive,170,Mountain_View_Drive.html,2238,2238,9,0,0,0,336.2,132.9
Mason Street,1,1,Mason Street,1787 1791 1792 1796 1799,Mason_Street.html,3077,3077,9,1,1,0,460.0,184.2
Canyon Meadows Drive,1,2,Canyon Meadows Drive 1 of 2,174,Canyon_Meadows_Drive_1_of_2.html,646,646,9,1,0,1,96.5,99.9
Canyon Meadows Drive,2,2,Canyon Meadows Drive 2 of 2,172,Canyon_Meadows_Drive_2_of_2.html,619,619,9,1,0,1,92.5,97.9
Flagstone Drive,1,1,Flagstone Drive,1262 1458 1660,Flagstone_Drive.html,4325,4325,9,0,0,0,649.1,246.5
Fairoaks Drive,1,1,Fairoaks Drive,563 579 1615,Fairoaks_Drive.html,2849,2849,9,0,0,0,427.5,165.6
Stoneridge Creek Way,3,5,Stoneridge Creek Way 3 of 5,6462 6557,Stoneridge_Creek_Way_3_of_5.html,606,606,9,0,0,0,182.4,71.6
Harvest Circle,1,1,Harvest Circle,5730 5731 5835 5844 5852,Harvest_Circle.html,4339,4339,9,2,2,0,649.9,241.6
Tourmaline Avenue,1,1,Tourmaline Avenue,7946 8346 8357 8364 8373 8382 8391,Tourmaline_Avenue.html,3278,3278,9,1,1,0,491.4,183.2
Boulder Street,1,1,Boulder Street,7110 7127 7193,Boulder_Street.html,3540,3540,9,2,1,1,531.5,208.1
Koll Center Parkway,2,5,Koll Center Parkway 2 of 5,2693 2638,Koll_Center_Parkway_2_of_5.html,1245,1245,9,0,0,0,298.8,107.0
Commerce Circle,1,1,Commerce Circle,1280 1323,Commerce_Circle.html,5250,5250,9,4,4,0,787.6,281.9
Koll Center Parkway,3,5,Koll Center Parkway 3 of 5,2694 2637,Koll_Center_Parkway_3_of_5.html,1181,1181,9,0,0,0,289.3,104.1
Santorina Court,1,1,Santorina Court,9005,Santorina_Court.html,572,572,9,1,1,0,85.8,67.5
Rose Rock Circle,1,1,Rose Rock Circle,4493,Rose_Rock_Circle.html,1026,1026,9,1,1,0,153.8,88.3
Staples Ranch Drive,1,1,Staples Ranch Drive,6636 6652,Staples_Ranch_Drive.html,1554,1554,9,1,1,0,233.5,117.5
Bertolli Court,1,1,Bertolli Court,8944,Bertolli_Court.html,476,476,9,1,1,0,71.0,70.2
Irongate Court,1,1,Irongate Court,7118,Irongate_Court.html,1462,1462,9,1,1,0,219.2,107.1
Saint John Street,1,1,Saint John Street,5576 5667 5692,Saint_John_Street.html,2274,2274,9,0,0,0,385.9,165.0
Iron Horse Parkway,1,1,Iron Horse Parkway,2922 2989 2990 2991 2992 2993 2994 2996 2997 2998 3033 3034 3035,Iron_Horse_Parkway.html,8049,8049,9,4,2,2,1204.1,392.1
Zevanove Court,1,1,Zevanove Court,3309,Zevanove_Court.html,424,424,9,0,0,0,63.5,63.1
Boardwalk Street,1,1,Boardwalk Street,6666 6728,Boardwalk_Street.html,2100,2100,9,2,2,0,314.9,133.9
Creekside Drive,2,2,Creekside Drive 2 of 2,552 568 575 580 1626,Creekside_Drive_2_of_2.html,2433,2433,9,0,0,0,364.7,160.9
Wilde Avenue,1,1,Wilde Avenue,4579,Wilde_Avenue.html,2126,2126,8,1,1,0,318.8,133.1
Division Street,1,2,Division Street 1 of 2,4021 5727 5834 5842 5848,Division_Street_1_of_2.html,4554,4554,8,2,1,1,682.3,274.4
Delucchi Drive,1,1,Delucchi Drive,5087 5088 5090,Delucchi_Drive.html,1819,1819,8,0,0,0,272.1,113.3
Young Court,1,1,Young Court,312,Young_Court.html,450,450,8,0,0,0,67.3,57.2
Honeysuckle Court,1,1,Honeysuckle Court,2587,Honeysuckle_Court.html,1299,1299,8,0,0,0,194.7,102.2
Holly Circle,1,1,Holly Circle,4542,Holly_Circle.html,1646,1646,8,2,2,0,246.8,116.2
Hillcrest Way,1,1,Hillcrest Way,1484 1487 1500,Hillcrest_Way.html,1884,1884,8,1,1,0,281.7,134.0
Highland Oaks Drive,1,1,Highland Oaks Drive,1288 1300 1433 1459 1486 1493 1661,Highland_Oaks_Drive.html,4002,4002,8,0,0,0,600.0,216.1
Heinz Ranch Court,1,1,Heinz Ranch Court,7750 7751,Heinz_Ranch_Court.html,792,792,8,0,0,0,118.4,78.4
Clara Lane,1,2,Clara Lane 1 of 2,7398 7402 7392 7395,Clara_Lane_1_of_2.html,1917,1917,8,0,0,0,300.8,123.6
Klemetson Drive,1,1,Klemetson Drive,529,Klemetson_Drive.html,2364,2364,8,1,1,0,354.6,163.3
Lexington Lane,1,1,Lexington Lane,2623 2628,Lexington_Lane.html,1430,1430,8,1,1,0,214.0,106.0
Laurel Creek Way,1,2,Laurel Creek Way 1 of 2,722 735,Laurel_Creek_Way_1_of_2.html,2017,2017,8,0,0,0,302.6,135.1
Laramie Gate Circle,1,1,Laramie Gate Circle,5956 5989,Laramie_Gate_Circle.html,3836,3836,8,1,1,0,575.1,227.1
Vancouver Way,1,1,Vancouver Way,8747 9041 9042 9050 9051 9056 9063 9068,Vancouver_Way.html,4404,4404,8,0,0,0,660.9,223.6
Valley Avenue,5,10,Valley Avenue 5 of 10,3536 3542 3372,Valley_Avenue_5_of_10.html,1021,1021,8,0,0,0,426.3,96.4
Valenza Way,1,1,Valenza Way,7834 7837 7842,Valenza_Way.html,2149,2149,8,0,0,0,322.4,147.2
Trotter Way,1,1,Trotter Way,2080,Trotter_Way.html,1112,1112,8,0,0,0,166.6,86.2
Gyles Place,1,1,Gyles Place,4194,Gyles_Place.html,598,598,8,0,0,0,89.5,76.7
Guthrie Street,1,1,Guthrie Street,7058 7150,Guthrie_Street.html,1282,1282,8,2,2,0,192.3,105.2
Cassia Court,1,1,Cassia Court,6659,Cassia_Court.html,173,173,8,0,0,0,25.9,44.1
Madsen Court,1,1,Madsen Court,7106,Madsen_Court.html,729,729,8,0,0,0,109.3,68.8
Longview Lane,1,1,Longview Lane,1665,Longview_Lane.html,3453,3453,8,0,0,0,517.6,211.6
Livermore Outlets Drive,2,3,Livermore Outlets Drive 2 of 3,7544,Livermore_Outlets_Drive_2_of_3.html,3777,3777,8,2,2,0,566.0,213.4
Talinga Court,1,1,Talinga Court,9143,Talinga_Court.html,425,425,8,1,1,0,63.5,67.8
Tahoe Drive,1,1,Tahoe Drive,8945 9144 9148 9149 9156 9159,Tahoe_Drive.html,5127,5127,8,2,2,0,768.5,276.0
Taboada Lane,1,1,Taboada Lane,3139 3142 3147,Taboada_Lane.html,925,925,8,0,0,0,138.6,77.2
Sylvia Circle,1,1,Sylvia Circle,7204,Sylvia_Circle.html,681,681,8,1,1,0,102.0,88.1
Catalina Drive,1,1,Catalina Drive,8577 8587 8598 8599 8666 8670 8756 8764 8813 8821 8837 8839,Catalina_Drive.html,8611,8611,8,1,1,0,1291.4,414.2
Carnelian Lane,1,1,Carnelian Lane,8353 8354 8355,Carnelian_Lane.html,1099,1099,8,0,0,0,164.0,83.6
Mingoia Street,1,1,Mingoia Street,7752 7754,Mingoia_Street.html,1726,1726,8,0,0,0,258.5,127.0
Tiffany Lane,1,1,Tiffany Lane,5698,Tiffany_Lane.html,1237,1237,8,0,0,0,185.4,89.8
Canyon Way,2,5,Canyon Way 2 of 5,867,Canyon_Way_2_of_5.html,1321,1321,8,0,0,0,197.9,102.8
Stony Brook Lane,1,1,Stony Brook Lane,4069,Stony_Brook_Lane.html,1274,1274,8,1,1,0,190.9,105.0
Stoneridge Creek Way,5,5,Stoneridge Creek Way 5 of 5,6461,Stoneridge_Creek_Way_5_of_5.html,390,390,8,0,0,0,58.3,61.7
Paseo San Leon,1,1,Paseo San Leon,2314,Paseo_San_Leon.html,1997,1997,8,0,0,0,299.2,125.0
Calle de la Mancha,1,1,Calle de la Mancha,2297 2317,Calle_de_la_Mancha.html,1260,1260,8,0,0,0,189.0,99.4
Paseo Robles,1,1,Paseo Robles,2131,Paseo_Robles.html,2677,2677,8,4,4,0,401.5,168.3
Paseo Catalina,1,1,Paseo Catalina,2288,Paseo_Catalina.html,1946,1946,8,1,1,0,291.5,129.1
Paris Way,1,3,Paris Way 1 of 3,8976 8984 8991 9033 9037 8758,Paris_Way_1_of_3.html,2052,2052,8,0,0,0,357.8,125.1
Poppybank Court,1,1,Poppybank Court,4552,Poppybank_Court.html,1389,1389,8,0,0,0,208.3,113.0
Riverdale Court,2,3,Riverdale Court 2 of 3,1467 1476,Riverdale_Court_2_of_3.html,614,614,8,0,0,0,139.3,71.7
Riesling Drive,1,1,Riesling Drive,6424,Riesling_Drive.html,3032,3032,8,1,1,0,455.0,180.7
Rickenbacker Circle,1,1,Rickenbacker Circle,7992 7993,Rickenbacker_Circle.html,4462,4462,8,2,2,0,670.1,228.7
Regent Road,1,1,Regent Road,8778 8779 8923 8938 9006 9014,Regent_Road.html,4790,4790,8,1,1,0,718.4,247.2
Raven Road,1,1,Raven Road,4007 4008 4012 5859 5862 5908,Raven_Road.html,5280,5280,8,1,1,0,791.8,272.0
Railroad Avenue,1,1,Railroad Avenue,4168 5569,Railroad_Avenue.html,1968,1968,8,1,1,0,294.5,129.9
Puerto Vallarta,1,1,Puerto Vallarta,4158 4159 4161,Puerto_Vallarta.html,1114,1114,8,0,0,0,166.4,95.8
Entrada Drive,1,1,Entrada Drive,4254 4255,Entrada_Drive.html,1032,1032,8,1,1,0,154.2,97.0
Ensenada Drive,1,1,Ensenada Drive,2069 2075 2558,Ensenada_Drive.html,1287,1287,8,0,0,0,192.9,102.6
Stacey Way,1,1,Stacey Way,6905,Stacey_Way.html,2062,2062,8,0,0,0,309.1,122.5
Benedict Court,1,1,Benedict Court,6278,Benedict_Court.html,2763,2763,8,0,0,0,415.1,166.4
Romano Circle,1,1,Romano Circle,7820 7826 7835,Romano_Circle.html,3767,3767,8,0,0,0,564.8,215.1
Brindisi Place,1,1,Brindisi Place,7910,Brindisi_Place.html,1637,1637,8,1,1,0,245.6,132.0
Rolling Hills Lane,1,1,Rolling Hills Lane,7663,Rolling_Hills_Lane.html,726,726,8,0,0,0,108.8,77.5
Sandalwood Drive,1,1,Sandalwood Drive,1302,Sandalwood_Drive.html,2961,2961,8,0,0,0,444.2,167.9
San Jose Drive,1,1,San Jose Drive,4152 5593,San_Jose_Drive.html,2844,2844,8,0,0,0,426.6,172.7
Bradford Way,2,6,Bradford Way 2 of 6,6706 7165,Bradford_Way_2_of_6.html,1167,1167,8,0,0,0,237.7,95.6
Saint Michael Circle,3,3,Saint Michael Circle 3 of 3,7354,Saint_Michael_Circle_3_of_3.html,108,108,8,0,0,0,16.0,49.2
Ruby Road,1,1,Ruby Road,8207 8208 8210 8215 8224,Ruby_Road.html,3502,3502,8,1,1,0,524.2,196.0
Singletree Way,1,1,Singletree Way,1804 1810 1824 1844 1995 2012 2146,Singletree_Way.html,3869,3869,8,1,1,0,580.5,218.4
Sherman Way,1,1,Sherman Way,4284 4435 4443,Sherman_Way.html,1805,1805,8,0,0,0,270.5,125.1
Sheffield Drive,1,1,Sheffield Drive,9010,Sheffield_Drive.html,3092,3092,8,0,0,0,463.8,179.9
Shady Mill Lane,1,1,Shady Mill Lane,2699 2718,Shady_Mill_Lane.html,986,986,8,0,0,0,147.8,87.5
El Padro Drive,1,1,El Padro Drive,8509 8510 8511 8512 8513 8514 8645 8663,El_Padro_Drive.html,5486,5486,8,1,1,0,820.6,273.4
El Charro Road,1,3,El Charro Road 1 of 3,6238 7635 7758 6232 6469 6151 6230 6240 6241 6242 6243 6244,El_Charro_Road_1_of_3.html,42504,42504,8,8,1,7,8751.1,2088.2
Wenig Court,1,1,Wenig Court,7107,Wenig_Court.html,423,423,8,0,0,0,63.4,62.7
War Glory Place,1,1,War Glory Place,4095 4098 4102,War_Glory_Place.html,2302,2302,8,1,1,0,344.9,153.0
East Jack London Boulevard,1,2,East Jack London Boulevard 1 of 2,7985 8162,East_Jack_London_Boulevard_1_of_2.html,1942,1942,8,1,1,0,291.7,132.1
Windmill Lane,1,1,Windmill Lane,4205 4230 4278,Windmill_Lane.html,2178,2178,8,0,0,0,326.6,134.9
Curry Street,1,1,Curry Street,6634 6635,Curry_Street.html,1487,1487,7,1,1,0,222.4,103.5
Yolanda Court,1,1,Yolanda Court,7643,Yolanda_Court.html,581,581,7,1,1,0,87.0,76.1
Deer Oaks Court,1,1,Deer Oaks Court,1667,Deer_Oaks_Court.html,1426,1426,7,0,0,0,213.9,110.6
Via Espada,1,1,Via Espada,2658 2660 3415,Via_Espada.html,3389,3389,7,1,1,0,507.5,192.2
Vinci Way,1,3,Vinci Way 1 of 3,8547,Vinci_Way_1_of_3.html,659,659,7,0,0,0,99.0,64.0
Vintner Way,1,1,Vintner Way,6310,Vintner_Way.html,3372,3372,7,1,1,0,506.0,196.0
Ancona Circle,1,1,Ancona Circle,8564,Ancona_Circle.html,2178,2178,7,0,0,0,326.7,129.3
Belleza Lane,1,1,Belleza Lane,3849 3854,Belleza_Lane.html,426,426,7,0,0,0,63.5,70.5
Spring Street,1,1,Spring Street,4189 5564,Spring_Street.html,2232,2232,7,0,0,0,335.2,143.6
Smoke Bellew Road,1,1,Smoke Bellew Road,8466,Smoke_Bellew_Road.html,1834,1834,7,1,1,0,274.8,118.0
Sleepy Head Lane,1,1,Sleepy Head Lane,4311 4314,Sleepy_Head_Lane.html,1379,1379,7,1,1,0,206.5,111.4
Shady Pond Lane,1,1,Shady Pond Lane,3445,Shady_Pond_Lane.html,1286,1286,7,0,0,0,193.1,100.0
Atlantis Court,1,1,Atlantis Court,8021,Atlantis_Court.html,1798,1798,7,2,1,1,269.1,130.0
Tosca Court,1,1,Tosca Court,1483,Tosca_Court.html,494,494,7,0,0,0,73.9,66.4
Diamond Drive,1,1,Diamond Drive,8225 8228 8378 8385,Diamond_Drive.html,3207,3207,7,0,0,0,480.7,176.7
Streamside Circle,3,5,Streamside Circle 3 of 5,6624,Streamside_Circle_3_of_5.html,454,454,7,0,0,0,68.1,63.3
Dolores Drive,1,1,Dolores Drive,4160 5609 5652,Dolores_Drive.html,3500,3500,7,1,1,0,525.4,204.3
Crestablanca Drive,1,1,Crestablanca Drive,7422 7430,Crestablanca_Drive.html,1862,1862,7,1,1,0,278.9,134.4
Sunny Brook Way,1,1,Sunny Brook Way,4154,Sunny_Brook_Way.html,2402,2402,7,0,0,0,360.6,151.7
Tanglewood Way,1,1,Tanglewood Way,4003 4014,Tanglewood_Way.html,2878,2878,7,1,1,0,430.8,164.1
Auto Mall Way,1,1,Auto Mall Way,6470 6471 6480,Auto_Mall_Way.html,3192,3192,7,2,1,1,477.5,201.8
Badger Drive,1,1,Badger Drive,6267 6295,Badger_Drive.html,2752,2752,7,1,1,0,413.1,173.4
Baldwin Way,1,6,Baldwin Way 1 of 6,553 711,Baldwin_Way_1_of_6.html,631,631,7,0,0,0,134.0,71.7
Sardonyx Road,1,1,Sardonyx Road,7950,Sardonyx_Road.html,719,719,7,0,0,0,107.5,65.9
Sinclair Drive,1,1,Sinclair Drive,5015,Sinclair_Drive.html,1843,1843,7,0,0,0,276.3,116.3
Dorman Road,1,1,Dorman Road,1974 2139 2140 2141 2142 2147 2164 2165 2279 2281 2282,Dorman_Road.html,4274,4274,7,2,2,0,638.7,236.2
Groth Circle,1,1,Groth Circle,5037,Groth_Circle.html,1695,1695,7,0,0,0,253.9,109.6
Zenato Place,2,2,Zenato Place 2 of 2,7804,Zenato_Place_2_of_2.html,636,636,7,1,1,0,95.4,79.1
Airway Boulevard,2,2,Airway Boulevard 2 of 2,7775 7776 7778 7779 7780 8048 8051,Airway_Boulevard_2_of_2.html,3909,3909,7,2,0,2,584.3,236.7
Genomics Place,1,2,Genomics Place 1 of 2,1657 1639,Genomics_Place_1_of_2.html,1516,1516,7,1,0,1,227.6,110.4
Gibraltar Drive,3,5,Gibraltar Drive 3 of 5,3148 3154 3331 3040,Gibraltar_Drive_3_of_5.html,1736,1736,7,1,1,0,422.7,132.0
Joshua Circle,1,1,Joshua Circle,1692,Joshua_Circle.html,1550,1550,7,1,1,0,232.5,119.1
K Hatsushi View,1,1,K Hatsushi View,7414 7424,K_Hatsushi_View.html,1710,1710,7,0,0,0,256.2,114.2
Harms Drive,1,1,Harms Drive,5038 5100,Harms_Drive.html,1710,1710,7,1,1,0,256.1,133.1
Cornerstone Court,1,1,Cornerstone Court,7121 7123 7128 7130 7186,Cornerstone_Court.html,1673,1673,7,2,1,1,250.7,130.0
Coronado Way,1,1,Coronado Way,8763 8811 8820 8834,Coronado_Way.html,2236,2236,7,0,0,0,335.6,130.6
Coronado Lane,2,4,Coronado Lane 2 of 4,2758 2341,Coronado_Lane_2_of_4.html,1232,1232,7,1,1,0,392.8,103.3
Coronado Lane,1,4,Coronado Lane 1 of 4,2477 2759,Coronado_Lane_1_of_4.html,2700,2700,7,2,2,0,404.7,163.5
Inglewood Drive,2,4,Inglewood Drive 2 of 4,3168 3041 3060 3071 2342 3321,Inglewood_Drive_2_of_4.html,3062,3062,7,2,2,0,828.2,191.8
Lotus Street,1,1,Lotus Street,6640 6650,Lotus_Street.html,1776,1776,7,1,1,0,265.7,117.0
Chapman Way,1,1,Chapman Way,2148 2151 2153 2163,Chapman_Way.html,2047,2047,7,1,1,0,306.1,138.5
Mallard Drive,1,1,Mallard Drive,3768 3786,Mallard_Drive.html,1818,1818,7,1,1,0,272.9,120.8
Ferndale Court,1,1,Ferndale Court,7088,Ferndale_Court.html,1017,1017,7,0,0,0,152.4,87.2
Lin Gate Street,1,1,Lin Gate Street,5903 5991 6001,Lin_Gate_Street.html,1517,1517,7,0,0,0,227.1,103.1
Lerida Court,1,2,Lerida Court 1 of 2,9092 9093,Lerida_Court_1_of_2.html,866,866,7,0,0,0,129.5,82.5
Orion Way,1,1,Orion Way,8543 8562 8611 8617 8856 8880,Orion_Way.html,4129,4129,7,0,0,0,619.8,210.3
Canyon Creek Circle,1,2,Canyon Creek Circle 1 of 2,31 32,Canyon_Creek_Circle_1_of_2.html,2441,2441,7,0,0,0,366.0,152.9
Mills Court,1,1,Mills Court,4571,Mills_Court.html,510,510,7,0,0,0,76.4,59.1
Casterson Court,1,1,Casterson Court,7313,Casterson_Court.html,5065,5065,7,0,0,0,759.1,268.7
Cellars Court,1,1,Cellars Court,9002,Cellars_Court.html,544,544,7,0,0,0,81.2,59.9
McHenry Gate Way,1,1,McHenry Gate Way,5884,McHenry_Gate_Way.html,2719,2719,7,1,1,0,408.1,161.9
Navajo Court,1,1,Navajo Court,5467 5959 5966 5988,Navajo_Court.html,941,941,7,0,0,0,140.7,92.9
Carriage Drive,1,3,Carriage Drive 1 of 3,5791 5787,Carriage_Drive_1_of_3.html,1320,1320,7,0,0,0,255.4,119.9
Capella Road,1,1,Capella Road,8540 8541,Capella_Road.html,1227,1227,7,0,0,0,183.5,87.2
Carducci Drive,1,1,Carducci Drive,3712,Carducci_Drive.html,1764,1764,7,0,0,0,264.5,129.8
Passeggi Court,1,1,Passeggi Court,3301,Passeggi_Court.html,269,269,7,0,0,0,40.2,56.1
Orloff Drive,1,1,Orloff Drive,4472 4535 4550 4567,Orloff_Drive.html,2214,2214,7,0,0,0,332.3,133.5
Camino Brazos,1,1,Camino Brazos,3359 3362 3402,Camino_Brazos.html,3771,3771,7,0,0,0,565.1,202.7
El Capitan Drive,1,1,El Capitan Drive,6258 7442,El_Capitan_Drive.html,2155,2155,7,0,0,0,323.0,147.5
Picard Avenue,1,1,Picard Avenue,4581,Picard_Avenue.html,1869,1869,7,2,1,1,280.5,128.1
Picholine Court,1,1,Picholine Court,9147,Picholine_Court.html,426,426,7,1,1,0,63.6,60.3
Pickens Lane,1,1,Pickens Lane,5461 5462,Pickens_Lane.html,804,804,7,1,1,0,120.1,85.4
California Avenue,1,3,California Avenue 1 of 3,7231 7235,California_Avenue_1_of_3.html,2223,2223,7,2,2,0,381.3,149.6
Pyramid Street,1,1,Pyramid Street,9073 9077 9087 9090 9100 9152 9153 9158,Pyramid_Street.html,3893,3893,7,2,2,0,583.0,223.3
Plum Terrace,1,1,Plum Terrace,3432,Plum_Terrace.html,326,326,7,0,0,0,48.7,51.3
Pleasant Hill Road,1,1,Pleasant Hill Road,547 550 556 574 578 710 712,Pleasant_Hill_Road.html,4043,4043,7,1,1,0,604.6,222.5
Ridgewood Road,1,1,Ridgewood Road,5723 5938,Ridgewood_Road.html,2684,2684,7,1,1,0,401.6,156.0
Reflections Drive,1,1,Reflections Drive,4363 7248,Reflections_Drive.html,3627,3627,7,2,2,0,543.9,210.9
Brookside Court,1,3,Brookside Court 1 of 3,1503,Brookside_Court_1_of_3.html,423,423,7,0,0,0,63.3,55.9
Royal Creek Court,1,1,Royal Creek Court,3444,Royal_Creek_Court.html,1412,1412,7,1,1,0,211.6,111.9
Safreno Way,1,1,Safreno Way,7749 7756,Safreno_Way.html,2831,2831,7,0,0,0,424.4,178.7
Klondike Road,1,1,Klondike Road,8336 8337,Klondike_Road.html,1405,1405,7,0,0,0,210.1,93.9
Lagrange Lane,1,1,Lagrange Lane,8502 8630,Lagrange_Lane.html,2610,2610,7,0,0,0,392.0,150.0
Freeman Lane,1,1,Freeman Lane,3428,Freeman_Lane.html,777,777,7,0,0,0,116.3,70.8
Foxborough Place,1,1,Foxborough Place,7653,Foxborough_Place.html,472,472,7,0,0,0,70.8,65.8
Hanifen Way,1,1,Hanifen Way,4294,Hanifen_Way.html,1444,1444,7,0,0,0,216.2,106.9
Serenity Terrace,1,1,Serenity Terrace,539 559 714,Serenity_Terrace.html,2553,2553,6,1,1,0,382.6,157.5
Doolan Road,1,1,Doolan Road,7713 7762,Doolan_Road.html,30466,30466,6,2,0,2,4565.4,1349.1
Selena Court,1,1,Selena Court,5597,Selena_Court.html,423,423,6,0,0,0,63.2,62.6
Streamside Circle,4,5,Streamside Circle 4 of 5,6625 6626,Streamside_Circle_4_of_5.html,348,348,6,0,0,0,52.0,59.6
Tapestry Way,1,3,Tapestry Way 1 of 3,2554,Tapestry_Way_1_of_3.html,3061,3061,6,1,1,0,458.6,184.9
Terminal Circle,1,1,Terminal Circle,7767 7774,Terminal_Circle.html,2450,2450,6,1,1,0,367.6,153.9
Stonebridge Road,1,1,Stonebridge Road,8784,Stonebridge_Road.html,2944,2944,6,1,1,0,441.2,167.5
Stone Pointe Way,1,1,Stone Pointe Way,4492 4502 4987 4993,Stone_Pointe_Way.html,2161,2161,6,0,0,0,323.9,132.1
Selvante Street,1,1,Selvante Street,7908,Selvante_Street.html,1539,1539,6,0,0,0,230.8,113.2
Birch Creek Drive,1,1,Birch Creek Drive,4356 4357 4358,Birch_Creek_Drive.html,868,868,6,0,0,0,129.3,74.7
Shearwater Road,1,1,Shearwater Road,5933 5949,Shearwater_Road.html,1733,1733,6,0,0,0,260.2,111.5
San Juan Way,1,1,San Juan Way,5643,San_Juan_Way.html,4342,4342,6,0,0,0,651.1,228.9
Sandstone Court,1,1,Sandstone Court,7167,Sandstone_Court.html,451,451,6,0,0,0,67.6,56.1
Arroyo Drive,1,1,Arroyo Drive,2076 2567,Arroyo_Drive.html,1724,1724,6,0,0,0,258.6,121.5
Deer Creek Court,1,1,Deer Creek Court,3464,Deer_Creek_Court.html,1231,1231,6,0,0,0,184.5,90.3
Veneto Court,1,1,Veneto Court,3633,Veneto_Court.html,335,335,6,0,0,0,50.2,58.8
De Natale Court,1,1,De Natale Court,3709 3714,De_Natale_Court.html,333,333,6,0,0,0,49.7,58.7
Arlene Place,1,1,Arlene Place,4277,Arlene_Place.html,1413,1413,6,0,0,0,211.7,107.0
Vercelli Way,1,1,Vercelli Way,7907,Vercelli_Way.html,1240,1240,6,0,0,0,185.7,106.2
Toyon Court,1,1,Toyon Court,2709,Toyon_Court.html,961,961,6,0,0,0,144.2,88.6
Traviso Circle,1,1,Traviso Circle,8538,Traviso_Circle.html,3115,3115,6,1,0,1,467.5,185.1
Utah Street,1,1,Utah Street,7306 7311,Utah_Street.html,1185,1185,6,0,0,0,177.8,95.8
Ascalano Lane,2,2,Ascalano Lane 2 of 2,9189,Ascalano_Lane_2_of_2.html,2159,2159,6,1,1,0,324.4,131.0
Diavila Court,1,1,Diavila Court,5521,Diavila_Court.html,413,413,6,0,0,0,61.8,61.3
Ascalano Lane,1,2,Ascalano Lane 1 of 2,9188,Ascalano_Lane_1_of_2.html,2162,2162,6,1,1,0,324.8,131.2
Delicado Court,1,1,Delicado Court,3723,Delicado_Court.html,334,334,6,0,0,0,49.9,66.1
Tivoli Court,1,1,Tivoli Court,8909,Tivoli_Court.html,283,283,6,0,0,0,42.4,49.3
West Lagoon Road,2,5,West Lagoon Road 2 of 5,2696 3429 2736,West_Lagoon_Road_2_of_5.html,431,431,6,0,0,0,657.4,63.4
Amoroso Court,1,1,Amoroso Court,6255,Amoroso_Court.html,1267,1267,6,1,1,0,189.7,107.2
Anderson Street,1,1,Anderson Street,5708,Anderson_Street.html,934,934,6,0,0,0,139.8,84.6
Verona Avenue,1,1,Verona Avenue,8710 8716 8717 8722 8730,Verona_Avenue.html,2759,2759,6,0,0,0,413.8,150.6
Via de la Cruz,1,1,Via de la Cruz,3116,Via_de_la_Cruz.html,591,591,6,0,0,0,88.5,62.6
Via Granada,1,1,Via Granada,8727 8728 8732 8733,Via_Granada.html,4309,4309,6,1,0,1,644.7,217.8
Voyager Street,1,5,Voyager Street 1 of 5,8000 7997,Voyager_Street_1_of_5.html,1092,1092,6,0,0,0,225.2,89.1
Arcangel Terrace,1,1,Arcangel Terrace,3145,Arcangel_Terrace.html,421,421,6,0,0,0,63.0,55.1
Wild Flower Court,1,1,Wild Flower Court,7196,Wild_Flower_Court.html,481,481,6,0,0,0,71.9,57.5
White Stable Drive,1,1,White Stable Drive,3508,White_Stable_Drive.html,884,884,6,1,1,0,132.2,87.3
Wheatman Court,1,1,Wheatman Court,6663,Wheatman_Court.html,191,191,6,0,0,0,28.5,44.7
Willowren Way,1,1,Willowren Way,3558 3564 3585 3771,Willowren_Way.html,4493,4493,6,1,1,0,673.3,239.6
West Woodbury Court,1,1,West Woodbury Court,3447 3448,West_Woodbury_Court.html,916,916,6,0,0,0,137.0,84.0
Crestline Way,1,1,Crestline Way,3809,Crestline_Way.html,2900,2900,6,0,0,0,435.4,165.4
Beratlis Place,1,1,Beratlis Place,7421,Beratlis_Place.html,842,842,6,1,1,0,126.3,88.2
Benzon Drive,1,1,Benzon Drive,530 536,Benzon_Drive.html,1638,1638,6,0,0,0,245.3,117.1
Armstrong Drive,1,1,Armstrong Drive,5086,Armstrong_Drive.html,1128,1128,6,0,0,0,169.1,85.9
Arrezzo Street,1,1,Arrezzo Street,3603 3610,Arrezzo_Street.html,781,781,6,0,0,0,116.8,85.4
Pienza Street,1,1,Pienza Street,8858 8859,Pienza_Street.html,1028,1028,6,0,0,0,153.6,87.3
Brooktree Way,1,1,Brooktree Way,5945,Brooktree_Way.html,3323,3323,6,1,1,0,498.0,180.8
Promenade Way,1,1,Promenade Way,4370 4371 4389 4393 4405,Promenade_Way.html,2561,2561,6,2,2,0,383.6,164.1
Puri Court,1,1,Puri Court,1243,Puri_Court.html,831,831,6,0,0,0,124.5,89.7
Portsmouth Court,1,1,Portsmouth Court,7085,Portsmouth_Court.html,1056,1056,6,1,1,0,158.6,95.4
Calle Ricardo,1,1,Calle Ricardo,3133 3398,Calle_Ricardo.html,1754,1754,6,0,0,0,263.0,120.2
El Dorado Drive,1,1,El Dorado Drive,8723 8724 8725 8759 8760 8810,El_Dorado_Drive.html,4241,4241,6,1,1,0,634.1,221.7
Elliott Circle,1,1,Elliott Circle,5132,Elliott_Circle.html,1303,1303,6,0,0,0,195.2,100.2
Rockford Place,1,1,Rockford Place,4100,Rockford_Place.html,1459,1459,6,0,0,0,218.4,101.2
East Stanley Boulevard,2,2,East Stanley Boulevard 2 of 2,7967 8058 8201 8288 8680,East_Stanley_Boulevard_2_of_2.html,9737,9737,6,1,0,1,1463.1,467.2
Busch Road,1,1,Busch Road,6645 7113 7114 7124 7126 7185 7190 7191 7192,Busch_Road.html,7868,7868,6,3,3,0,1181.7,385.6
Boulder Court,1,1,Boulder Court,7111,Boulder_Court.html,1437,1437,6,2,2,0,215.0,102.3
Saint Francis Way,1,1,Saint Francis Way,6429,Saint_Francis_Way.html,304,304,6,0,0,0,45.6,50.1
Braxton Place,1,1,Braxton Place,4328,Braxton_Place.html,1121,1121,6,0,0,0,168.1,95.4
Meeting House Way,1,1,Meeting House Way,3441,Meeting_House_Way.html,367,367,6,0,0,0,55.0,53.0
Montori Court,1,1,Montori Court,8414 8415 8416,Montori_Court.html,2156,2156,6,0,0,0,323.5,139.7
Moller Drive,1,1,Moller Drive,5098 5125 5128 5131 5155,Moller_Drive.html,1791,1791,6,1,1,0,268.5,121.5
Mission Drive,1,3,Mission Drive 1 of 3,5592 5640 5770,Mission_Drive_1_of_3.html,4538,4538,6,0,0,0,681.0,244.0
Novara Street,1,1,Novara Street,8862 8866,Novara_Street.html,1219,1219,6,0,0,0,182.5,89.9
Canyon Creek Circle,2,2,Canyon Creek Circle 2 of 2,30,Canyon_Creek_Circle_2_of_2.html,496,496,6,0,0,0,74.1,65.7
Neptune Road,1,2,Neptune Road 1 of 2,8594 8610,Neptune_Road_1_of_2.html,2670,2670,6,0,0,0,399.6,152.5
Mount Tam Circle,1,1,Mount Tam Circle,1649,Mount_Tam_Circle.html,1732,1732,6,1,1,0,259.7,120.9
Oregano Court,1,1,Oregano Court,6661,Oregano_Court.html,177,177,6,0,0,0,26.4,44.1
Olson Court,1,1,Olson Court,860 888,Olson_Court.html,1627,1627,6,0,0,0,244.3,125.3
Olivoro Court,1,1,Olivoro Court,9163,Olivoro_Court.html,565,565,6,1,1,0,84.5,66.0
Ewing Drive,1,1,Ewing Drive,7290 7291,Ewing_Drive.html,1733,1733,6,0,0,0,259.2,113.7
Evans Street,1,1,Evans Street,9028 9029 9030 9031 9032,Evans_Street.html,1439,1439,6,0,0,0,214.7,96.0
Escondido Circle,1,7,Escondido Circle 1 of 7,8080 8098 8101 8104 8506 8065 8077 8649 8069 8091,Escondido_Circle_1_of_7.html,5647,5647,6,2,2,0,857.3,292.0
Olivia Court,1,1,Olivia Court,5043 5094,Olivia_Court.html,911,911,6,1,1,0,136.2,88.6
Old Foothill Road,1,1,Old Foothill Road,1231 1235 1679,Old_Foothill_Road.html,3508,3508,6,1,0,1,525.6,207.9
Camino Casa Buena,1,1,Camino Casa Buena,2496 2497,Camino_Casa_Buena.html,1523,1523,6,0,0,0,227.6,102.8
Pamela Place,1,1,Pamela Place,7220,Pamela_Place.html,595,595,6,0,0,0,89.1,70.5
Park Place,2,2,Park Place 2 of 2,6653,Park_Place_2_of_2.html,1397,1397,6,1,1,0,210.0,103.8
Riviera Court,1,1,Riviera Court,2529,Riviera_Court.html,533,533,6,0,0,0,79.9,68.1
Rocky Creek Place,1,1,Rocky Creek Place,4080 4081,Rocky_Creek_Place.html,1084,1084,6,1,1,0,162.2,90.8
Bresso Drive,1,1,Bresso Drive,8870,Bresso_Drive.html,1720,1720,6,0,0,0,257.6,110.7
Roselma Place,1,1,Roselma Place,7269,Roselma_Place.html,866,866,6,0,0,0,129.9,91.0
Brockton Drive,1,1,Brockton Drive,4772,Brockton_Drive.html,644,644,6,0,0,0,96.3,70.7
Lennox Lane,1,1,Lennox Lane,8927 9009,Lennox_Lane.html,1214,1214,6,1,1,0,182.2,101.6
Lerida Court,2,2,Lerida Court 2 of 2,9094,Lerida_Court_2_of_2.html,46,46,6,0,0,0,6.7,45.3
Maple Leaf Court,1,1,Maple Leaf Court,4555,Maple_Leaf_Court.html,664,664,6,0,0,0,99.3,64.9
Chabot Drive,3,3,Chabot Drive 3 of 3,2476,Chabot_Drive_3_of_3.html,774,774,6,0,0,0,115.7,76.5
Chatham Place,1,1,Chatham Place,6689 6691 6692,Chatham_Place.html,1800,1800,6,2,2,0,269.1,118.4
Maria Street,1,1,Maria Street,6444 6445,Maria_Street.html,1466,1466,6,1,1,0,219.1,102.0
Mandevilla Court,1,1,Mandevilla Court,6723,Mandevilla_Court.html,157,157,6,0,0,0,23.4,43.3
Marlboro Way,1,2,Marlboro Way 1 of 2,4739,Marlboro_Way_1_of_2.html,597,597,6,0,0,0,89.4,69.9
Joanne Circle,1,1,Joanne Circle,3762,Joanne_Circle.html,1777,1777,6,1,1,0,266.3,128.9
Jorgensen Lane,2,2,Jorgensen Lane 2 of 2,2031,Jorgensen_Lane_2_of_2.html,889,889,6,0,0,0,133.4,84.1
Clorox Way,1,3,Clorox Way 1 of 3,2260 2356,Clorox_Way_1_of_3.html,1478,1478,6,0,0,0,221.9,114.4
Fontonett Avenue,1,1,Fontonett Avenue,8309 8471 8478 8498 8508,Fontonett_Avenue.html,3687,3687,6,0,0,0,553.5,191.1
Clorox Way,2,3,Clorox Way 2 of 3,2259 2355,Clorox_Way_2_of_3.html,1464,1464,6,0,0,0,219.8,113.7
Clorox Way,3,3,Clorox Way 3 of 3,2155,Clorox_Way_3_of_3.html,434,434,6,0,0,0,65.1,70.1
Cheryl Circle,1,1,Cheryl Circle,3080,Cheryl_Circle.html,1640,1640,6,0,0,0,245.8,115.5
Clovewood Lane,1,1,Clovewood Lane,1191,Clovewood_Lane.html,2127,2127,6,1,1,0,319.0,136.8
Lassen Street,1,1,Lassen Street,1811 1825,Lassen_Street.html,1179,1179,6,1,1,0,176.6,102.2
Leland Way,1,1,Leland Way,8578 8582 8586 8596 8597,Leland_Way.html,2615,2615,6,0,0,0,392.4,149.6
Lakeside Circle,1,1,Lakeside Circle,8527,Lakeside_Circle.html,2278,2278,6,1,1,0,341.4,140.6
Chocolate Street,1,1,Chocolate Street,6450 6452,Chocolate_Street.html,2210,2210,6,1,1,0,330.9,149.7
Fawn Hills Lane,1,1,Fawn Hills Lane,2611,Fawn_Hills_Lane.html,989,989,6,1,1,0,148.3,93.5
Lloyd Street,1,1,Lloyd Street,8114 8116 8119 8120,Lloyd_Street.html,2264,2264,6,1,1,0,338.6,137.2
Commerce Drive,1,1,Commerce Drive,1269,Commerce_Drive.html,819,819,6,0,0,0,123.0,79.4
Inspiration Terrace,1,1,Inspiration Terrace,4298,Inspiration_Terrace.html,1489,1489,6,0,0,0,223.0,103.0
Hansen Road,4,4,Hansen Road 4 of 4,8890 8906,Hansen_Road_4_of_4.html,407,407,6,0,0,0,60.9,54.5
Harvey Court,1,1,Harvey Court,3353,Harvey_Court.html,863,863,6,0,0,0,129.2,81.5
Helen Drive,1,1,Helen Drive,4485,Helen_Drive.html,2399,2399,6,1,1,0,359.6,145.6
Hidden Creek Court,1,1,Hidden Creek Court,5603,Hidden_Creek_Court.html,1285,1285,6,0,0,0,192.5,101.0
Hickorywood Lane,1,1,Hickorywood Lane,2716,Hickorywood_Lane.html,1195,1195,6,0,0,0,179.2,89.0
Hummingbird Road,1,1,Hummingbird Road,3801 3806 3992,Hummingbird_Road.html,2956,2956,6,0,0,0,443.7,168.0
Hamilton Way,1,1,Hamilton Way,5624 5628 5632 5760 5784,Hamilton_Way.html,2451,2451,6,0,0,0,367.6,159.7
Hansen Road,3,4,Hansen Road 3 of 4,8889 8907,Hansen_Road_3_of_4.html,411,411,6,0,0,0,61.6,54.6
Goldcrest Circle,1,1,Goldcrest Circle,3554 3555,Goldcrest_Circle.html,3690,3690,6,1,1,0,552.4,205.4
Grace Street,1,1,Grace Street,8671 8690 8696 8703,Grace_Street.html,2623,2623,6,0,0,0,393.3,151.2
Gravina Place,1,2,Gravina Place 1 of 2,7806 7807 7810,Gravina_Place_1_of_2.html,2067,2067,6,0,0,0,309.6,136.8
Hagemann Drive,1,1,Hagemann Drive,8173 8175 8177 8187 8188 8262 8263,Hagemann_Drive.html,5201,5201,6,2,2,0,778.1,265.5
Genevieve Place,1,1,Genevieve Place,4324,Genevieve_Place.html,1288,1288,6,0,0,0,193.3,102.7
Genomics Place,2,2,Genomics Place 2 of 2,1640,Genomics_Place_2_of_2.html,765,765,6,0,0,0,114.8,78.2
Gach Court,1,1,Gach Court,6667,Gach_Court.html,164,164,6,0,0,0,24.5,43.4
Alba Court,1,1,Alba Court,3302,Alba_Court.html,238,238,6,0,0,0,35.6,54.2
Addison Way,1,1,Addison Way,2264 2265 2266,Addison_Way.html,1504,1504,5,0,0,0,224.8,104.6
Adobe Court,1,1,Adobe Court,1686,Adobe_Court.html,533,533,5,0,0,0,80.1,66.9
Mabrey Drive,1,1,Mabrey Drive,581,Mabrey_Drive.html,461,461,5,0,0,0,68.9,71.4
Manchester Street,1,1,Manchester Street,4520 4737 4738,Manchester_Street.html,1745,1745,5,1,1,0,261.0,123.5
Lockhart Lane,1,1,Lockhart Lane,5504,Lockhart_Lane.html,871,871,5,0,0,0,130.8,79.9
Lodestone Road,1,1,Lodestone Road,8381,Lodestone_Road.html,982,982,5,0,0,0,146.9,77.5
Cedrus Court,1,1,Cedrus Court,6687,Cedrus_Court.html,154,154,5,0,0,0,22.9,50.1
McCutchan Court,1,1,McCutchan Court,4424,McCutchan_Court.html,525,525,5,0,0,0,78.5,59.3
Melanie Circle,1,1,Melanie Circle,3561,Melanie_Circle.html,1639,1639,5,1,1,0,245.7,122.4
Vinci Way,3,3,Vinci Way 3 of 3,8542,Vinci_Way_3_of_3.html,192,192,5,0,0,0,28.7,44.4
Voyager Street,2,5,Voyager Street 2 of 5,8001 8005,Voyager_Street_2_of_5.html,713,713,5,1,1,0,106.5,73.1
Wedgewood Way,1,1,Wedgewood Way,8930 8931 8972,Wedgewood_Way.html,2775,2775,5,1,1,0,415.2,161.9
Mesa Verde Court,1,1,Mesa Verde Court,1817,Mesa_Verde_Court.html,516,516,5,0,0,0,77.5,73.8
Fairfield Road,1,1,Fairfield Road,3575 3576,Fairfield_Road.html,1032,1032,5,0,0,0,154.2,78.6
Corte de Flores,1,1,Corte de Flores,1836 2005,Corte_de_Flores.html,1137,1137,5,1,1,0,170.6,92.5
Corte del Mar,1,1,Corte del Mar,2094,Corte_del_Mar.html,838,838,5,1,1,0,125.9,79.2
Corte del Oro,1,1,Corte del Oro,2102,Corte_del_Oro.html,713,713,5,0,0,0,107.0,67.6
Montalvo Court,1,1,Montalvo Court,576,Montalvo_Court.html,357,357,5,0,0,0,53.4,66.7
Montana Drive,1,1,Montana Drive,6437 6438 6439 6440 6441,Montana_Drive.html,1231,1231,5,1,1,0,183.4,101.1
Montrose Place,1,1,Montrose Place,7755,Montrose_Place.html,1361,1361,5,0,0,0,204.4,96.8
Morganfield Road,1,3,Morganfield Road 1 of 3,5116 5127 5154,Morganfield_Road_1_of_3.html,1548,1548,5,0,0,0,232.2,104.1
Carlsbad Way,1,1,Carlsbad Way,2303 2304,Carlsbad_Way.html,836,836,5,0,0,0,124.9,73.0
Deer Hollow Lane,1,1,Deer Hollow Lane,8904 8905,Deer_Hollow_Lane.html,1316,1316,5,0,0,0,196.7,90.5
Del Sol Avenue,1,1,Del Sol Avenue,4253 4271 4343 4412 4450,Del_Sol_Avenue.html,3865,3865,5,1,1,0,580.2,223.2
Corte Mateo,1,1,Corte Mateo,2090,Corte_Mateo.html,949,949,5,0,0,0,142.5,77.9
Via San Blas,1,1,Via San Blas,2514 2515,Via_San_Blas.html,2729,2729,5,0,0,0,409.4,156.7
Victoria Ridge Court,1,1,Victoria Ridge Court,6250,Victoria_Ridge_Court.html,982,982,5,0,0,0,147.5,88.4
Carrara Way,1,1,Carrara Way,8556,Carrara_Way.html,1745,1745,5,0,0,0,261.7,113.6
Carrisa Court,1,1,Carrisa Court,7155,Carrisa_Court.html,175,175,5,0,0,0,26.0,43.9
Canyon Way,5,5,Canyon Way 5 of 5,869,Canyon_Way_5_of_5.html,173,173,5,0,0,0,25.9,51.5
Caramello Court,1,1,Caramello Court,3717,Caramello_Court.html,290,290,5,0,0,0,43.4,56.5
Carlsbad Court,1,2,Carlsbad Court 1 of 2,2313,Carlsbad_Court_1_of_2.html,503,503,5,0,0,0,75.1,58.1
Laguna Street,1,1,Laguna Street,8132 8133 8134 8135 8136 8480,Laguna_Street.html,4400,4400,5,1,1,0,658.3,223.8
Old Santa Rita Road,3,3,Old Santa Rita Road 3 of 3,5458,Old_Santa_Rita_Road_3_of_3.html,116,116,5,0,0,0,17.3,48.9
Elvira Street,1,1,Elvira Street,8289 8290 8291,Elvira_Street.html,2715,2715,5,1,1,0,406.1,152.0
Grant Court,1,1,Grant Court,6383,Grant_Court.html,3179,3179,5,0,0,0,476.3,181.4
Valley of the Moon Road,1,1,Valley of the Moon Road,8476 8477,Valley_of_the_Moon_Road.html,1692,1692,5,0,0,0,253.0,108.1
Vantini Way,1,1,Vantini Way,7922,Vantini_Way.html,1362,1362,5,0,0,0,204.5,111.1
Aria Court,1,1,Aria Court,7941,Aria_Court.html,597,597,5,0,0,0,89.2,61.3
Dakin Court,1,1,Dakin Court,4423,Dakin_Court.html,398,398,5,0,0,0,59.4,61.1
Dalton Creek Way,1,1,Dalton Creek Way,4216 4218,Dalton_Creek_Way.html,1473,1473,5,0,0,0,220.2,106.2
Olympic Court South,1,1,Olympic Court South,2284,Olympic_Court_South.html,942,942,5,0,0,0,140.9,77.3
Omega Circle,1,1,Omega Circle,3848,Omega_Circle.html,1942,1942,5,1,1,0,291.1,135.8
Ontario Drive,1,1,Ontario Drive,8138 8479 8499,Ontario_Drive.html,5147,5147,5,2,2,0,771.8,255.4
Camino del Cino,1,1,Camino del Cino,2502,Camino_del_Cino.html,919,919,5,1,1,0,137.8,82.9
Canary Drive,1,1,Canary Drive,4013 5860 5907 5932 5948,Canary_Drive.html,3317,3317,5,0,0,0,497.8,176.3
Canterbury Avenue,1,1,Canterbury Avenue,8601 8643,Canterbury_Avenue.html,3051,3051,5,0,0,0,457.8,169.3
Lagiss Court,1,1,Lagiss Court,8925,Lagiss_Court.html,397,397,5,0,0,0,59.2,53.0
Pandorea Court,1,1,Pandorea Court,6721,Pandorea_Court.html,170,170,5,0,0,0,25.4,43.6
Knollbrook Drive,1,1,Knollbrook Drive,569,Knollbrook_Drive.html,2681,2681,5,0,0,0,402.7,157.3
Koll Center Drive,1,3,Koll Center Drive 1 of 3,2692,Koll_Center_Drive_1_of_3.html,748,748,5,1,1,0,111.9,90.0
Koll Center Drive,2,3,Koll Center Drive 2 of 3,2695,Koll_Center_Drive_2_of_3.html,742,742,5,1,1,0,111.0,82.6
Peaceful Lane,1,1,Peaceful Lane,4229,Peaceful_Lane.html,947,947,5,0,0,0,141.8,79.5
El Charro Road,2,3,El Charro Road 2 of 3,6150 6152 6228 6247 6248 6249,El_Charro_Road_2_of_3.html,4925,4925,5,3,1,2,737.0,303.3
Grappa Place,1,1,Grappa Place,7811 7813,Grappa_Place.html,1606,1606,5,1,1,0,240.6,121.6
Grey Eagle Court,1,1,Grey Eagle Court,7393 7646 7657,Grey_Eagle_Court.html,3055,3055,5,0,0,0,458.4,174.6
Trebbiano Place,2,3,Trebbiano Place 2 of 3,8421,Trebbiano_Place_2_of_3.html,583,583,5,0,0,0,87.3,69.7
Trenery Drive,1,1,Trenery Drive,4582,Trenery_Drive.html,3033,3033,5,1,1,0,455.8,182.7
Turnstone Drive,2,2,Turnstone Drive 2 of 2,3589,Turnstone_Drive_2_of_2.html,1548,1548,5,0,0,0,231.7,101.7
Twelve Oaks Drive,1,1,Twelve Oaks Drive,2056,Twelve_Oaks_Drive.html,4652,4652,5,1,1,0,697.2,260.7
Clinton Place,1,3,Clinton Place 1 of 3,7216,Clinton_Place_1_of_3.html,759,759,5,0,0,0,113.5,70.7
Piazza Court,1,1,Piazza Court,3614,Piazza_Court.html,213,213,5,0,0,0,31.9,53.3
Calle Enrique,1,1,Calle Enrique,4067,Calle_Enrique.html,1604,1604,5,0,0,0,240.6,107.2
Calle Morelia,1,4,Calle Morelia 1 of 4,2683 2687 2747,Calle_Morelia_1_of_4.html,1432,1432,5,0,0,0,306.9,99.0
Plumeria Court,1,1,Plumeria Court,5014,Plumeria_Court.html,681,681,5,0,0,0,102.1,66.3
Pontina Court,1,1,Pontina Court,7870,Pontina_Court.html,1175,1175,5,0,0,0,175.8,104.4
Karen Way,1,1,Karen Way,8117,Karen_Way.html,530,530,5,0,0,0,79.6,58.6
First Street,3,4,First Street 3 of 4,5655,First_Street_3_of_4.html,668,668,5,1,1,0,100.2,79.7
Flagstone Common,1,1,Flagstone Common,8253,Flagstone_Common.html,370,370,5,0,0,0,55.3,52.6
Prato Court,1,1,Prato Court,3620,Prato_Court.html,265,265,5,0,0,0,39.6,62.7
Quarry Lane,1,1,Quarry Lane,4560 4561 4563 4564 4565 4566 4559,Quarry_Lane.html,3796,3796,5,0,0,0,567.2,195.1
Raccolio Way,1,1,Raccolio Way,8411,Raccolio_Way.html,1261,1261,5,0,0,0,189.3,88.3
Summit Creek Lane,1,1,Summit Creek Lane,5611,Summit_Creek_Lane.html,1837,1837,5,1,1,0,275.7,130.7
Sycamore Road,2,3,Sycamore Road 2 of 3,5822 5824,Sycamore_Road_2_of_3.html,463,463,5,0,0,0,69.3,64.5
Sycamore Road,3,3,Sycamore Road 3 of 3,5821 5825,Sycamore_Road_3_of_3.html,428,428,5,0,0,0,64.1,63.0
Guzman Parkway,3,3,Guzman Parkway 3 of 3,7066,Guzman_Parkway_3_of_3.html,340,340,5,0,0,0,50.8,51.6
Baldwin Way,3,6,Baldwin Way 3 of 6,542,Baldwin_Way_3_of_6.html,263,263,5,0,0,0,39.4,55.2
Terra Way,1,1,Terra Way,7945,Terra_Way.html,607,607,5,0,0,0,91.1,61.6
Terrazzo Court,1,1,Terrazzo Court,7104,Terrazzo_Court.html,1211,1211,5,0,0,0,181.5,95.0
Third Street,1,1,Third Street,4164 4186,Third_Street.html,1678,1678,5,1,1,0,251.4,125.4
Burgundy Drive,1,1,Burgundy Drive,6331,Burgundy_Drive.html,1486,1486,5,0,0,0,223.0,103.4
Caliente Avenue,1,1,Caliente Avenue,8075 8652 8669 8691,Caliente_Avenue.html,4950,4950,5,0,0,0,742.9,251.0
Jefferson Court,1,1,Jefferson Court,1801,Jefferson_Court.html,882,882,5,0,0,0,132.2,82.4
Johnson Court,1,1,Johnson Court,2221,Johnson_Court.html,474,474,5,0,0,0,70.9,64.6
Rigatti Circle,1,1,Rigatti Circle,3727,Rigatti_Circle.html,1916,1916,5,0,0,0,287.3,128.8
Cottonwood Lane,1,1,Cottonwood Lane,1290 1310,Cottonwood_Lane.html,2556,2556,5,0,0,0,383.6,148.7
Crystal Circle,1,1,Crystal Circle,8212 8213,Crystal_Circle.html,3123,3123,5,1,1,0,468.2,179.8
Discovery Drive,4,4,Discovery Drive 4 of 4,8013 8014 8016 8017,Discovery_Drive_4_of_4.html,1257,1257,5,2,2,0,187.6,103.0
Stone Canyon Court,1,1,Stone Canyon Court,7136,Stone_Canyon_Court.html,392,392,5,0,0,0,58.7,53.5
Stonecliff Vista Lane,1,1,Stonecliff Vista Lane,4032 4078 4086,Stonecliff_Vista_Lane.html,1618,1618,5,1,0,1,242.8,121.6
Streamside Circle,2,5,Streamside Circle 2 of 5,6555,Streamside_Circle_2_of_5.html,588,588,5,0,0,0,88.1,69.6
Hansen Road,2,4,Hansen Road 2 of 4,9173 9177,Hansen_Road_2_of_4.html,1558,1558,5,1,1,0,234.0,111.1
Baldwin Way,5,6,Baldwin Way 5 of 6,551,Baldwin_Way_5_of_6.html,193,193,5,0,0,0,28.8,59.5
Barleta Court,1,1,Barleta Court,8539,Barleta_Court.html,954,954,5,0,0,0,143.2,85.2
East Jack London Boulevard,2,2,East Jack London Boulevard 2 of 2,7989,East_Jack_London_Boulevard_2_of_2.html,1938,1938,5,0,0,0,291.3,125.3
Rockrose Street,1,1,Rockrose Street,8197,Rockrose_Street.html,2067,2067,5,1,1,0,309.8,133.0
Rogers Lane,1,1,Rogers Lane,7245,Rogers_Lane.html,883,883,5,0,0,0,132.1,75.2
Columbine Drive,1,1,Columbine Drive,1257 1259 1292,Columbine_Drive.html,1280,1280,5,0,0,0,191.4,92.8
Ironwood Drive,4,5,Ironwood Drive 4 of 5,7171,Ironwood_Drive_4_of_5.html,298,298,5,0,0,0,44.6,49.7
Briones Lane,1,1,Briones Lane,4570,Briones_Lane.html,375,375,5,0,0,0,56.0,51.9
Bristolwood Road,1,1,Bristolwood Road,1305,Bristolwood_Road.html,640,640,5,0,0,0,95.7,63.9
Brookside Court,2,3,Brookside Court 2 of 3,1497,Brookside_Court_2_of_3.html,279,279,5,0,0,0,41.7,49.1
Rosada Court,1,1,Rosada Court,3977,Rosada_Court.html,338,338,5,0,0,0,50.5,59.0
Rose Lane,1,1,Rose Lane,3510,Rose_Lane.html,1406,1406,5,0,0,0,210.6,110.8
Smoketree Commons,2,2,Smoketree Commons 2 of 2,6433 6434,Smoketree_Commons_2_of_2.html,160,160,5,0,0,0,23.8,50.6
Sonoma Avenue,1,1,Sonoma Avenue,8083 8109 8654 8661,Sonoma_Avenue.html,3145,3145,5,0,0,0,472.5,179.7
Heatherlark Circle,1,1,Heatherlark Circle,3351,Heatherlark_Circle.html,2207,2207,5,1,1,0,330.6,135.4
South Sea Way,1,1,South Sea Way,8343,South_Sea_Way.html,1848,1848,5,1,1,0,277.2,118.6
Springdale Avenue,2,2,Springdale Avenue 2 of 2,571,Springdale_Avenue_2_of_2.html,1799,1799,5,0,0,0,269.4,123.0
Crow Court,1,1,Crow Court,5900 6004,Crow_Court.html,412,412,5,0,0,0,61.5,68.9
Rowell Lane,1,1,Rowell Lane,7287 7288,Rowell_Lane.html,1391,1391,5,0,0,0,208.1,100.3
Ruby Hill Boulevard,1,2,Ruby Hill Boulevard 1 of 2,7861,Ruby_Hill_Boulevard_1_of_2.html,1196,1196,5,1,1,0,179.0,103.5
Ruby Hill Boulevard,2,2,Ruby Hill Boulevard 2 of 2,7862,Ruby_Hill_Boulevard_2_of_2.html,1178,1178,5,1,1,0,176.4,102.7
Saginaw Circle,1,2,Saginaw Circle 1 of 2,5889,Saginaw_Circle_1_of_2.html,1381,1381,5,1,1,0,207.0,110.6
Saginaw Circle,2,2,Saginaw Circle 2 of 2,5901,Saginaw_Circle_2_of_2.html,707,707,5,0,0,0,105.7,74.6
Saint John Circle,1,1,Saint John Circle,5720,Saint_John_Circle.html,1758,1758,5,0,0,0,264.0,121.4
Bolla Court,1,1,Bolla Court,7897,Bolla_Court.html,839,839,5,0,0,0,125.8,88.7
Shadow Hills Court,1,1,Shadow Hills Court,3449 3465,Shadow_Hills_Court.html,1112,1112,5,0,0,0,166.7,85.0
Foxglove Court,1,1,Foxglove Court,6718,Foxglove_Court.html,202,202,5,0,0,0,30.1,45.0
Smallwood Street,1,1,Smallwood Street,6368,Smallwood_Street.html,705,705,5,0,0,0,105.4,74.3
Constitution Drive,1,1,Constitution Drive,8033 8043 8044,Constitution_Drive.html,6512,6512,5,2,1,1,977.0,340.3
Saratoga Court,1,1,Saratoga Court,9196,Saratoga_Court.html,903,903,5,1,1,0,135.1,89.3
Drywood Street,1,1,Drywood Street,1444 1460,Drywood_Street.html,2204,2204,5,1,1,0,329.8,139.8
Yearling Court,1,1,Yearling Court,4099,Yearling_Court.html,328,328,5,0,0,0,49.1,58.8
Wolf House Dr,1,1,Wolf House Dr,7540 7636,Wolf_House_Dr.html,4894,4894,5,4,1,3,733.3,267.2
Alice Way,1,1,Alice Way,8143 8147 8292,Alice_Way.html,1518,1518,5,1,1,0,227.8,105.7
Chadbourn Court,1,1,Chadbourn Court,6376,Chadbourn_Court.html,908,908,5,0,0,0,136.3,84.7
Chalmette Road,1,1,Chalmette Road,7969 8193 8194,Chalmette_Road.html,1758,1758,5,2,2,0,262.9,118.3
Longspur Way,1,1,Longspur Way,3339,Longspur_Way.html,2180,2180,5,1,1,0,327.2,143.1
Lucca Court,1,1,Lucca Court,3297,Lucca_Court.html,345,345,5,0,0,0,51.6,59.1
Lusitana Court,1,1,Lusitana Court,8939,Lusitana_Court.html,444,444,5,0,0,0,66.4,61.9
Annis Circle,1,1,Annis Circle,6777,Annis_Circle.html,1989,1989,5,0,0,0,298.2,120.4
Alvarado Street,1,1,Alvarado Street,5003 5024 5107,Alvarado_Street.html,2282,2282,5,0,0,0,342.7,132.5
Windmill Way,1,1,Windmill Way,4231 4232,Windmill_Way.html,404,404,5,0,0,0,60.2,62.1
Willowview Court,1,1,Willowview Court,1429,Willowview_Court.html,513,513,4,0,0,0,76.7,65.8
Yosemite Court South,1,1,Yosemite Court South,1998,Yosemite_Court_South.html,257,257,4,1,1,0,38.4,53.3
Yosemite Court North,1,1,Yosemite Court North,1841,Yosemite_Court_North.html,355,355,4,0,0,0,53.0,51.9
Yellowstone Way,1,1,Yellowstone Way,8169,Yellowstone_Way.html,1270,1270,4,1,1,0,190.4,97.4
Whitney Drive,1,1,Whitney Drive,6259,Whitney_Drive.html,1312,1312,4,0,0,0,197.0,103.1
White Fang Way,1,1,White Fang Way,8342,White_Fang_Way.html,1212,1212,4,0,0,0,182.2,86.4
Corte Rosa,1,1,Corte Rosa,2119,Corte_Rosa.html,628,628,4,0,0,0,94.3,64.0
Corte Ricardo,1,1,Corte Ricardo,3364,Corte_Ricardo.html,653,653,4,0,0,0,97.7,72.4
Corte Nina,1,1,Corte Nina,2116,Corte_Nina.html,601,601,4,0,0,0,90.3,63.0
Zinfandel Court,1,1,Zinfandel Court,6251,Zinfandel_Court.html,801,801,4,0,0,0,119.8,79.7
Zaro Court,1,1,Zaro Court,3748,Zaro_Court.html,275,275,4,0,0,0,41.1,55.8
Westbridge Lane,1,1,Westbridge Lane,4312 4317,Westbridge_Lane.html,4260,4260,4,0,0,0,639.8,228.3
West Lagoon Road,4,5,West Lagoon Road 4 of 5,2697 2698,West_Lagoon_Road_4_of_5.html,156,156,4,0,0,0,23.1,50.4
Lynn Drive,1,1,Lynn Drive,3361 3523 3549,Lynn_Drive.html,1866,1866,4,1,0,1,279.9,131.8
Lynbrook Court,1,1,Lynbrook Court,1648,Lynbrook_Court.html,483,483,4,1,1,0,72.2,63.6
Los Alamos Avenue,1,1,Los Alamos Avenue,8662 8673 8694,Los_Alamos_Avenue.html,3864,3864,4,0,0,0,580.1,203.6
Adams Way,1,1,Adams Way,7260,Adams_Way.html,2867,2867,4,0,0,0,429.2,161.5
Allbrook Circle,1,1,Allbrook Circle,2275,Allbrook_Circle.html,2696,2696,4,0,0,0,404.4,157.8
Alisal Street,1,1,Alisal Street,4300 4301 4303 4304 4307,Alisal_Street.html,6944,6944,4,2,2,0,1039.4,346.5
Curtis Circle,1,1,Curtis Circle,3336,Curtis_Circle.html,1836,1836,4,1,1,0,275.2,130.9
Crystal Lane,1,1,Crystal Lane,4223 4281,Crystal_Lane.html,985,985,4,0,0,0,147.9,80.4
Eaglet Court,1,1,Eaglet Court,7394,Eaglet_Court.html,359,359,4,0,0,0,53.8,52.6
Dupont Drive,1,3,Dupont Drive 1 of 3,2605 2639,Dupont_Drive_1_of_3.html,1771,1771,4,1,1,0,265.6,120.5
Santa Rita Road,3,4,Santa Rita Road 3 of 4,5546,Santa_Rita_Road_3_of_4.html,601,601,4,0,0,0,89.8,63.1
Sannita Place,1,1,Sannita Place,7900,Sannita_Place.html,1667,1667,4,1,1,0,250.1,117.7
Sandpiper Way,1,1,Sandpiper Way,3805,Sandpiper_Way.html,2133,2133,4,1,1,0,319.5,138.4
Hopyard Road,4,4,Hopyard Road 4 of 4,3349 3551 3567 3570,Hopyard_Road_4_of_4.html,2018,2018,4,1,1,0,302.3,130.7
Honors Court,1,1,Honors Court,2520,Honors_Court.html,346,346,4,1,1,0,51.8,57.9
Coronado Lane,3,4,Coronado Lane 3 of 4,2334 2340,Coronado_Lane_3_of_4.html,667,667,4,1,1,0,100.0,78.5
Cornerstone Common,3,3,Cornerstone Common 3 of 3,8241 8243,Cornerstone_Common_3_of_3.html,359,359,4,0,0,0,53.5,52.0
Cornerstone Common,2,3,Cornerstone Common 2 of 3,8242 8238 8276 8277,Cornerstone_Common_2_of_3.html,897,897,4,1,1,0,134.0,81.0
Sanderling Way,1,1,Sanderling Way,4010,Sanderling_Way.html,2112,2112,4,0,0,0,316.8,136.6
Sanderling Drive,1,1,Sanderling Drive,4011 5864 5868,Sanderling_Drive.html,1611,1611,4,0,0,0,241.0,106.5
Sale Meadow Way,1,1,Sale Meadow Way,2632,Sale_Meadow_Way.html,839,839,4,1,1,0,125.6,79.3
Silver Sage Court,1,1,Silver Sage Court,8618,Silver_Sage_Court.html,515,515,4,0,0,0,77.3,57.8
Siesta Court,1,1,Siesta Court,1691,Siesta_Court.html,519,519,4,0,0,0,77.8,66.6
Shotwell Court,1,1,Shotwell Court,7717,Shotwell_Court.html,310,310,4,0,0,0,46.4,50.0
Shore Drive,1,1,Shore Drive,4391,Shore_Drive.html,1426,1426,4,1,1,0,213.6,105.9
Hillsdale Drive,1,1,Hillsdale Drive,1265,Hillsdale_Drive.html,2115,2115,4,0,0,0,317.8,131.2
Herrin Way,1,1,Herrin Way,1788 1800,Herrin_Way.html,2053,2053,4,2,2,0,307.4,139.5
Heritage Lane,1,1,Heritage Lane,4234,Heritage_Lane.html,808,808,4,1,1,0,121.2,86.7
Franklin Drive,2,3,Franklin Drive 2 of 3,1982,Franklin_Drive_2_of_3.html,784,784,4,0,0,0,117.3,85.2
Shasta Place,1,1,Shasta Place,7990,Shasta_Place.html,366,366,4,0,0,0,54.6,58.8
Seminole Way,1,1,Seminole Way,5984,Seminole_Way.html,736,736,4,0,0,0,110.2,75.9
Blackstone Common,1,1,Blackstone Common,8245,Blackstone_Common.html,190,190,4,0,0,0,28.4,44.3
Blackbird Way,1,1,Blackbird Way,3987,Blackbird_Way.html,859,859,4,0,0,0,129.0,80.6
Saint Thomas Way,1,1,Saint Thomas Way,6430,Saint_Thomas_Way.html,299,299,4,0,0,0,44.8,49.8
Saint John Court,1,1,Saint John Court,5693,Saint_John_Court.html,412,412,4,1,1,0,61.8,68.3
Ryan Street,1,1,Ryan Street,9102,Ryan_Street.html,2600,2600,4,1,1,0,389.5,151.3
Ruth Way,1,1,Ruth Way,8056 8121,Ruth_Way.html,1029,1029,4,0,0,0,154.4,80.9
Inglewood Court,1,1,Inglewood Court,1793,Inglewood_Court.html,499,499,4,0,0,0,74.9,65.6
Independence Drive,2,4,Independence Drive 2 of 4,8042,Independence_Drive_2_of_4.html,2224,2224,4,0,0,0,333.2,143.6
Ruby Court,1,1,Ruby Court,8209,Ruby_Court.html,226,226,4,0,0,0,33.8,46.1
Rubino Court,1,1,Rubino Court,7799,Rubino_Court.html,450,450,4,0,0,0,67.5,63.7
Royal Oaks Court,1,1,Royal Oaks Court,2701 2713,Royal_Oaks_Court.html,760,760,4,1,1,0,114.0,76.2
Rosso Court,1,1,Rosso Court,8423,Rosso_Court.html,376,376,4,0,0,0,56.3,60.2
Crofters Court,1,1,Crofters Court,4652,Crofters_Court.html,895,895,4,0,0,0,133.9,80.3
Stanley Boulevard,3,4,Stanley Boulevard 3 of 4,4398,Stanley_Boulevard_3_of_4.html,325,325,4,0,0,0,48.6,58.0
Stacey Court,1,1,Stacey Court,6888,Stacey_Court.html,446,446,4,0,0,0,66.6,54.1
Spinel Court,1,1,Spinel Court,8351,Spinel_Court.html,221,221,4,0,0,0,32.9,45.8
Sparrow Street,1,1,Sparrow Street,8184,Sparrow_Street.html,937,937,4,0,0,0,140.6,76.9
Foxbrough Place,1,1,Foxbrough Place,7655,Foxbrough_Place.html,428,428,4,0,0,0,64.0,55.0
Foothill Oaks Terrace,1,1,Foothill Oaks Terrace,2051,Foothill_Oaks_Terrace.html,751,751,4,0,0,0,112.7,78.0
Foothill Oaks Drive,1,2,Foothill Oaks Drive 1 of 2,2053 2054,Foothill_Oaks_Drive_1_of_2.html,1358,1358,4,1,1,0,203.5,118.8
Heidelberg Drive,1,1,Heidelberg Drive,8962 8970 9104 9115,Heidelberg_Drive.html,3377,3377,4,0,0,0,507.2,178.1
Solandra Court,1,1,Solandra Court,6732,Solandra_Court.html,159,159,4,0,0,0,23.6,42.9
Ross Gate Way,1,1,Ross Gate Way,5905,Ross_Gate_Way.html,1459,1459,4,0,0,0,219.1,107.2
Brookside Court,3,3,Brookside Court 3 of 3,1502,Brookside_Court_3_of_3.html,279,279,4,0,0,0,41.7,49.0
Ironwood Court,1,2,Ironwood Court 1 of 2,7170,Ironwood_Court_1_of_2.html,815,815,4,0,0,0,122.1,72.1
Ingrid Court,1,1,Ingrid Court,7408,Ingrid_Court.html,762,762,4,0,0,0,114.2,71.0
Coleen Street,1,1,Coleen Street,8059 8658 8660,Coleen_Street.html,2974,2974,4,0,0,0,445.4,163.4
Robin Court,1,1,Robin Court,2271,Robin_Court.html,1340,1340,4,1,1,0,201.3,115.6
Baur Court,1,1,Baur Court,7137,Baur_Court.html,928,928,4,0,0,0,139.1,76.8
Barleta Lane,1,1,Barleta Lane,8552,Barleta_Lane.html,980,980,4,0,0,0,146.9,78.8
Barias Place,2,2,Barias Place 2 of 2,4192,Barias_Place_2_of_2.html,382,382,4,0,0,0,57.1,59.4
Corte Madrid,1,1,Corte Madrid,2020,Corte_Madrid.html,764,764,4,1,1,0,114.7,90.7
Corte Espada,1,1,Corte Espada,3416,Corte_Espada.html,467,467,4,0,0,0,70.1,56.7
Streamside Circle,5,5,Streamside Circle 5 of 5,6545,Streamside_Circle_5_of_5.html,313,313,4,0,0,0,46.6,56.8
Stockholm Road,1,1,Stockholm Road,9110 9111,Stockholm_Road.html,486,486,4,0,0,0,72.6,64.1
Donahue Court,1,1,Donahue Court,7101,Donahue_Court.html,542,542,4,0,0,0,81.1,60.1
Crater Road,1,1,Crater Road,9140,Crater_Road.html,2763,2763,4,0,0,0,413.6,155.9
Cranwood Court,1,1,Cranwood Court,4501,Cranwood_Court.html,1060,1060,4,0,0,0,158.8,82.9
Ridgevale Road,1,1,Ridgevale Road,3774,Ridgevale_Road.html,1870,1870,4,0,0,0,280.7,115.5
Jolene Court,1,1,Jolene Court,7654,Jolene_Court.html,675,675,4,1,0,1,101.2,72.7
Jillana Avenue,1,1,Jillana Avenue,8150 8293,Jillana_Avenue.html,1428,1428,4,1,1,0,214.3,101.9
Rhine Way,1,1,Rhine Way,7413 7427,Rhine_Way.html,1206,1206,4,0,0,0,180.5,90.3
Red Pine Court,1,1,Red Pine Court,7139,Red_Pine_Court.html,261,261,4,0,0,0,38.9,47.8
Calico Lane,1,1,Calico Lane,3519,Calico_Lane.html,1616,1616,4,0,0,0,242.1,112.3
Calderon Court,1,1,Calderon Court,9135,Calderon_Court.html,629,629,4,0,0,0,94.0,63.3
Ray Street,1,1,Ray Street,4242 4257,Ray_Street.html,603,603,4,0,0,0,90.4,69.7
Thistledown Court,2,2,Thistledown Court 2 of 2,4527,Thistledown_Court_2_of_2.html,495,495,4,0,0,0,74.1,57.9
Bairn Court,1,1,Bairn Court,7019,Bairn_Court.html,894,894,4,0,0,0,133.7,87.2
Corte Blanca,1,1,Corte Blanca,2120,Corte_Blanca.html,652,652,4,0,0,0,97.9,72.0
Half Dome Drive,1,1,Half Dome Drive,6291,Half_Dome_Drive.html,2311,2311,4,1,1,0,346.8,146.6
Takens Court,1,1,Takens Court,2034,Takens_Court.html,213,213,4,0,0,0,31.9,45.8
Sunset Creek Court,1,1,Sunset Creek Court,4286,Sunset_Creek_Court.html,322,322,4,0,0,0,48.1,57.6
Summertree Court,1,1,Summertree Court,8200,Summertree_Court.html,618,618,4,0,0,0,92.7,63.3
Bay Meadows Circle,1,1,Bay Meadows Circle,3556,Bay_Meadows_Circle.html,1964,1964,4,0,0,0,294.2,118.4
Rancho Court,1,1,Rancho Court,1803,Rancho_Court.html,981,981,4,0,0,0,147.3,86.9
Racoon Hollow Court,1,1,Racoon Hollow Court,1236,Racoon_Hollow_Court.html,589,589,4,0,0,0,88.1,63.6
Raboli Street,1,1,Raboli Street,7921,Raboli_Street.html,1452,1452,4,1,1,0,217.6,115.5
Purisima Terrace,1,1,Purisima Terrace,3140,Purisima_Terrace.html,387,387,4,0,0,0,57.9,53.4
Pulsar Avenue,1,1,Pulsar Avenue,8634 8635 8636 8637 8638,Pulsar_Avenue.html,2960,2960,4,1,1,0,442.7,169.1
Pueblo Way,1,1,Pueblo Way,6005,Pueblo_Way.html,249,249,4,0,0,0,37.2,61.7
Prima Drive,3,3,Prima Drive 3 of 3,8392 8399,Prima_Drive_3_of_3.html,492,492,4,0,0,0,73.5,57.2
Prima Drive,2,3,Prima Drive 2 of 3,8396 8398,Prima_Drive_2_of_3.html,498,498,4,0,0,0,74.4,57.5
Fiorio Circle,1,1,Fiorio Circle,5156,Fiorio_Circle.html,1707,1707,4,1,1,0,255.7,125.3
Juno Circle,1,1,Juno Circle,7129,Juno_Circle.html,513,513,4,0,0,0,76.9,65.4
Porta Rossa Circle,1,1,Porta Rossa Circle,3846,Porta_Rossa_Circle.html,1578,1578,4,0,0,0,236.5,113.9
California Avenue,3,3,California Avenue 3 of 3,7234,California_Avenue_3_of_3.html,339,339,4,0,0,0,50.6,58.9
California Avenue,2,3,California Avenue 2 of 3,7233,California_Avenue_2_of_3.html,364,364,4,0,0,0,54.4,59.9
Photinia Court,1,1,Photinia Court,6686,Photinia_Court.html,140,140,4,0,0,0,20.8,42.1
Petrified Forest Court,1,1,Petrified Forest Court,1822,Petrified_Forest_Court.html,352,352,4,0,0,0,52.7,66.5
Katie Lane,1,1,Katie Lane,5096,Katie_Lane.html,1177,1177,4,1,1,0,176.5,94.8
Clinton Place,3,3,Clinton Place 3 of 3,7284,Clinton_Place_3_of_3.html,200,200,4,0,0,0,29.9,45.3
Clifford Circle,1,1,Clifford Circle,3124,Clifford_Circle.html,2070,2070,4,1,1,0,310.3,140.9
Flora Court,1,1,Flora Court,3825,Flora_Court.html,255,255,4,0,0,0,38.1,54.7
Pearl Drive,1,1,Pearl Drive,8204 8216 8220,Pearl_Drive.html,3184,3184,4,1,1,0,476.9,180.5
Valley Avenue,4,10,Valley Avenue 4 of 10,3537 3538 3373,Valley_Avenue_4_of_10.html,1038,1038,4,0,0,0,428.8,96.3
Tulipwood Circle,1,1,Tulipwood Circle,1189 1203,Tulipwood_Circle.html,2532,2532,4,1,1,0,379.8,153.9
Guzman Parkway,2,3,Guzman Parkway 2 of 3,7059 7064,Guzman_Parkway_2_of_3.html,401,401,4,0,0,0,59.7,60.7
Gray Fox Court,1,1,Gray Fox Court,7645,Gray_Fox_Court.html,1219,1219,4,0,0,0,182.9,98.7
Ascot Court,1,1,Ascot Court,7083 7084,Ascot_Court.html,367,367,4,0,0,0,54.6,58.7
Diablo Court,1,1,Diablo Court,7072,Diablo_Court.html,505,505,4,1,1,0,75.7,63.8
Detjen Court,1,1,Detjen Court,315,Detjen_Court.html,933,933,4,0,0,0,139.7,78.4
Desertwood Lane,1,1,Desertwood Lane,1291 1443,Desertwood_Lane.html,1811,1811,4,0,0,0,271.9,117.2
Torlano Court,1,1,Torlano Court,7927,Torlano_Court.html,1490,1490,4,0,0,0,223.0,110.7
Three Oaks Drive,1,1,Three Oaks Drive,7667,Three_Oaks_Drive.html,2576,2576,4,0,0,0,385.9,169.1
Elmwood Circle,1,1,Elmwood Circle,1693,Elmwood_Circle.html,1902,1902,4,1,1,0,285.5,127.7
Ellis Court,1,1,Ellis Court,4442,Ellis_Court.html,515,515,4,0,0,0,77.0,58.4
Pawnee Way,1,1,Pawnee Way,5969,Pawnee_Way.html,561,561,4,1,1,0,83.9,81.7
Cameo Drive,1,1,Cameo Drive,8229 8359 8361 8379,Cameo_Drive.html,2833,2833,4,1,1,0,424.7,165.7
Cameo Court,4,4,Cameo Court 4 of 4,1621,Cameo_Court_4_of_4.html,133,133,4,0,0,0,19.7,49.3
Cameo Court,1,4,Cameo Court 1 of 4,1620,Cameo_Court_1_of_4.html,384,384,4,0,0,0,57.5,60.3
Camelia Drive,1,1,Camelia Drive,8700 8701 8702 8704 8705,Camelia_Drive.html,4631,4631,4,1,1,0,693.0,235.2
Knoll Woods Court,1,1,Knoll Woods Court,3501,Knoll_Woods_Court.html,414,414,4,0,0,0,62.0,54.5
Klondike Place,1,1,Klondike Place,8338,Klondike_Place.html,418,418,4,0,0,0,62.4,53.0
Paris Way,3,3,Paris Way 3 of 3,9039,Paris_Way_3_of_3.html,352,352,4,0,0,0,52.8,51.4
Paris Way,2,3,Paris Way 2 of 3,9038,Paris_Way_2_of_3.html,356,356,4,0,0,0,53.4,51.5
Palmdale Court,1,1,Palmdale Court,1659,Palmdale_Court.html,708,708,4,0,0,0,106.2,82.8
Palm Court,1,1,Palm Court,1198,Palm_Court.html,790,790,4,0,0,0,118.7,71.6
Ovella Way,1,1,Ovella Way,7841,Ovella_Way.html,1837,1837,4,1,1,0,275.4,132.3
Chestnut Hill Way,1,1,Chestnut Hill Way,2625,Chestnut_Hill_Way.html,723,723,4,0,0,0,108.2,68.2
Chesapeake Bay Court,1,1,Chesapeake Bay Court,1839,Chesapeake_Bay_Court.html,785,785,4,1,1,0,117.4,84.3
Orvieto Court,1,2,Orvieto Court 1 of 2,7856,Orvieto_Court_1_of_2.html,1418,1418,4,0,0,0,212.5,106.9
Orchard Way,1,2,Orchard Way 1 of 2,5942,Orchard_Way_1_of_2.html,3523,3523,4,0,0,0,527.9,182.5
Olympic Court North,1,1,Olympic Court North,2283,Olympic_Court_North.html,683,683,4,0,0,0,102.1,66.1
Daisyfield Drive,1,1,Daisyfield Drive,8118 8182 8198 8287,Daisyfield_Drive.html,6210,6210,4,1,0,1,933.0,300.4
Varese Court,1,1,Varese Court,7859,Varese_Court.html,1851,1851,4,0,0,0,277.9,125.4
Golden Road,1,1,Golden Road,4047 4052 4054 4062 5858,Golden_Road.html,4562,4562,4,1,1,0,684.1,254.0
Glenda Court,1,1,Glenda Court,3718,Glenda_Court.html,821,821,4,0,0,0,122.8,79.3
Glen Isle Court,1,1,Glen Isle Court,4529,Glen_Isle_Court.html,268,268,4,0,0,0,40.1,48.3
Valley View Court,3,8,Valley View Court 3 of 8,1284,Valley_View_Court_3_of_8.html,327,327,4,0,0,0,49.0,50.9
Valley View Court,2,8,Valley View Court 2 of 8,1270,Valley_View_Court_2_of_8.html,411,411,4,0,0,0,61.5,54.6
Valley View Court,1,8,Valley View Court 1 of 8,1272,Valley_View_Court_1_of_8.html,417,417,4,0,0,0,62.3,54.8
Valley Avenue,10,10,Valley Avenue 10 of 10,3377,Valley_Avenue_10_of_10.html,117,117,4,0,0,0,17.5,41.4
Valley Avenue,9,10,Valley Avenue 9 of 10,3379,Valley_Avenue_9_of_10.html,145,145,4,0,0,0,21.5,42.6
Olivina Avenue,1,1,Olivina Avenue,8265 8269,Olivina_Avenue.html,1360,1360,4,0,0,0,204.2,93.9
Escondido Circle,2,7,Escondido Circle 2 of 7,8097 8100 8103 8106 8505 8066 8076 8648 8068,Escondido_Circle_2_of_7.html,5521,5521,4,2,2,0,826.8,285.2
Old Pasture Way,1,1,Old Pasture Way,2627,Old_Pasture_Way.html,336,336,4,0,0,0,50.3,58.6
Ohana Place,1,1,Ohana Place,5647,Ohana_Place.html,1416,1416,4,0,0,0,211.8,102.5
Lapis Lane,1,1,Lapis Lane,4233,Lapis_Lane.html,470,470,4,0,0,0,70.3,64.9
Lansdown Court,1,1,Lansdown Court,4521 4525,Lansdown_Court.html,1210,1210,4,0,0,0,181.0,87.7
Churchill Court,1,1,Churchill Court,5426 5450,Churchill_Court.html,363,363,4,0,0,0,54.1,52.3
Canyon Way,3,5,Canyon Way 3 of 5,848 874,Canyon_Way_3_of_5.html,735,735,4,0,0,0,285.1,76.9
Novara Way,2,2,Novara Way 2 of 2,7850,Novara_Way_2_of_2.html,984,984,4,0,0,0,147.2,95.6
Norwood Road,1,1,Norwood Road,8786 8788 8790 8792,Norwood_Road.html,3258,3258,4,1,1,0,487.5,181.5
North Canyons Parkway,2,2,North Canyons Parkway 2 of 2,8038 8045 8052 8054,North_Canyons_Parkway_2_of_2.html,7029,7029,4,0,0,0,1056.0,354.9
Nice Court,1,1,Nice Court,3607,Nice_Court.html,299,299,4,0,0,0,44.7,49.5
Newton Way,2,2,Newton Way 2 of 2,4517,Newton_Way_2_of_2.html,272,272,4,0,0,0,40.7,48.5
Newman Place,1,1,Newman Place,5455 5456,Newman_Place.html,445,445,4,0,0,0,66.6,69.7
Neptune Road,2,2,Neptune Road 2 of 2,8605 8607 8608 8609,Neptune_Road_2_of_2.html,888,888,4,0,0,0,132.3,73.5
Navalle Court,1,1,Navalle Court,7428,Navalle_Court.html,1127,1127,4,0,0,0,168.7,95.0
Liberty Drive,1,1,Liberty Drive,6260,Liberty_Drive.html,2575,2575,4,0,0,0,386.7,151.8
Lethbridge Court,1,1,Lethbridge Court,7156,Lethbridge_Court.html,1051,1051,4,0,0,0,157.5,81.2
Lemonwood Way,1,1,Lemonwood Way,1694,Lemonwood_Way.html,1425,1425,4,0,0,0,213.7,99.7
Leger Court,1,1,Leger Court,7151 7152,Leger_Court.html,499,499,4,0,0,0,74.4,57.2
Ledgestone Court,1,1,Ledgestone Court,7133,Ledgestone_Court.html,884,884,4,0,0,0,132.7,75.0
Laursen Court,1,1,Laursen Court,6726,Laursen_Court.html,204,204,4,0,0,0,30.5,44.9
Carriage Drive,3,3,Carriage Drive 3 of 3,5789,Carriage_Drive_3_of_3.html,402,402,4,0,0,0,60.1,61.8
Carriage Drive,2,3,Carriage Drive 2 of 3,5790,Carriage_Drive_2_of_3.html,442,442,4,0,0,0,66.2,63.4
Vierra Street,1,1,Vierra Street,7889,Vierra_Street.html,1456,1456,4,0,0,0,217.9,109.5
Victoria Meadow Court,1,1,Victoria Meadow Court,7443,Victoria_Meadow_Court.html,472,472,4,0,0,0,70.7,65.0
Via Peralta,1,1,Via Peralta,3134,Via_Peralta.html,602,602,4,0,0,0,90.2,63.1
Gillian Court,1,1,Gillian Court,7651,Gillian_Court.html,543,543,4,0,0,0,81.5,59.8
Gibraltar Drive,4,5,Gibraltar Drive 4 of 5,3166,Gibraltar_Drive_4_of_5.html,631,631,4,0,0,0,94.8,70.2
Ghiotti Court,1,1,Ghiotti Court,3612,Ghiotti_Court.html,321,321,4,0,0,0,48.1,57.9
Corte Monterey,1,1,Corte Monterey,2083,Corte_Monterey.html,1084,1084,4,1,1,0,162.6,90.2
Corte Mercado,1,1,Corte Mercado,2093,Corte_Mercado.html,451,451,4,0,0,0,67.6,56.3
Corte Mente,1,1,Corte Mente,3097,Corte_Mente.html,1055,1055,4,0,0,0,158.0,82.8
Darwin Avenue,1,1,Darwin Avenue,8978 8979 8980 8981 8982,Darwin_Avenue.html,3860,3860,4,0,0,0,577.1,196.0
Damiano Court,1,1,Damiano Court,3621,Damiano_Court.html,233,233,4,0,0,0,34.9,54.0
Carnation Court,1,1,Carnation Court,7230,Carnation_Court.html,591,591,4,0,0,0,88.4,61.5
Montori Way,1,1,Montori Way,8428,Montori_Way.html,386,386,4,0,0,0,57.9,60.9
Minton Court,1,1,Minton Court,2092,Minton_Court.html,944,944,4,0,0,0,141.3,77.8
Minerva Court,1,2,Minerva Court 1 of 2,9191 9192,Minerva_Court_1_of_2.html,866,866,4,1,1,0,129.8,80.1
Milan Court,1,1,Milan Court,8973,Milan_Court.html,906,906,4,0,0,0,135.5,82.8
Mercato Court,1,1,Mercato Court,7893,Mercato_Court.html,1249,1249,4,0,0,0,187.0,107.3
Angus Way,1,1,Angus Way,4511,Angus_Way.html,1750,1750,4,2,2,0,262.2,117.7
Angela Place,1,1,Angela Place,7268,Angela_Place.html,842,842,4,0,0,0,126.1,74.7
Anastacia Court,1,1,Anastacia Court,3587,Anastacia_Court.html,710,710,4,0,0,0,106.3,74.4
Amherst Terrace,1,1,Amherst Terrace,2624,Amherst_Terrace.html,312,312,4,0,0,0,46.6,57.3
Amanda Place,1,1,Amanda Place,4336,Amanda_Place.html,705,705,4,0,0,0,105.5,75.6
Fressia Court,1,1,Fressia Court,7163,Fressia_Court.html,250,250,4,0,0,0,37.3,54.2
Warrenton Court,1,1,Warrenton Court,7141 7143,Warrenton_Court.html,454,454,4,0,0,0,67.7,55.2
Wall Street,1,1,Wall Street,8062 8088 8676 8677 8678 8682 8683,Wall_Street.html,7066,7066,4,1,1,0,1058.4,346.7
Vista Diablo Court,1,1,Vista Diablo Court,7415 7418,Vista_Diablo_Court.html,1258,1258,4,0,0,0,188.8,103.0
Vineyard Place,2,2,Vineyard Place 2 of 2,7223 7224 7227,Vineyard_Place_2_of_2.html,748,748,4,0,0,0,111.7,77.7
Applewood Way,1,1,Applewood Way,1260 1301,Applewood_Way.html,1738,1738,4,0,0,0,260.9,115.4
Apache Court,1,1,Apache Court,5993 5997,Apache_Court.html,416,416,4,0,0,0,62.2,61.9
Villa Loop,2,2,Villa Loop 2 of 2,2721 2722,Villa_Loop_2_of_2.html,201,201,4,0,0,0,29.7,52.7
Menlo Court,1,1,Menlo Court,1699,Menlo_Court.html,907,907,4,0,0,0,136.2,76.2
Mataro Court,1,1,Mataro Court,6281,Mataro_Court.html,1865,1865,4,0,0,0,279.3,126.7
Logan Street,1,1,Logan Street,7986 7991,Logan_Street.html,1064,1064,4,0,0,0,159.0,80.4
Cascina Court,1,1,Cascina Court,8369,Cascina_Court.html,366,366,4,0,0,0,54.6,51.8
Marlboro Way,2,2,Marlboro Way 2 of 2,4771,Marlboro_Way_2_of_2.html,191,191,4,0,0,0,28.5,52.1
Marilyn Court,1,1,Marilyn Court,3144,Marilyn_Court.html,895,895,4,0,0,0,134.0,82.7
Margo Lane,1,1,Margo Lane,7647,Margo_Lane.html,995,995,4,0,0,0,148.8,87.6
Maple Leaf Drive,1,1,Maple Leaf Drive,4554,Maple_Leaf_Drive.html,1572,1572,4,0,0,0,235.6,102.1
Mairmont Drive,1,1,Mairmont Drive,5126 5543,Mairmont_Drive.html,915,915,4,0,0,0,137.1,75.8
Wyoming Street,1,1,Wyoming Street,7292 7293,Wyoming_Street.html,2263,2263,4,2,2,0,338.6,140.1
Woodbine Way,1,1,Woodbine Way,4635,Woodbine_Way.html,543,543,4,0,0,0,81.3,74.3
Aberdeen Avenue,1,1,Aberdeen Avenue,9044 9046 9047,Aberdeen_Avenue.html,3504,3504,4,0,0,0,524.4,178.5
Zion Canyon Court,1,1,Zion Canyon Court,2285,Zion_Canyon_Court.html,986,986,4,0,0,0,147.6,78.9
Woodthrush Court,1,1,Woodthrush Court,5906,Woodthrush_Court.html,769,769,3,0,0,0,115.4,69.8
Zuni Way,1,1,Zuni Way,5987,Zuni_Way.html,332,332,3,0,0,0,49.6,50.8
Zircon Way,1,1,Zircon Way,8222,Zircon_Way.html,2244,2244,3,1,1,0,336.2,140.3
Corte Padre,1,1,Corte Padre,2775,Corte_Padre.html,524,524,3,0,0,0,78.6,59.4
Corte Pacifica,1,1,Corte Pacifica,2004,Corte_Pacifica.html,643,643,3,1,1,0,96.6,78.2
Corte Nuevo,1,1,Corte Nuevo,2001,Corte_Nuevo.html,674,674,3,0,0,0,101.1,65.9
Woodthrush Way,1,1,Woodthrush Way,3990,Woodthrush_Way.html,2190,2190,3,0,0,0,327.9,127.1
Windsor Court,1,1,Windsor Court,4979,Windsor_Court.html,1097,1097,3,0,0,0,164.3,83.1
Abbie Court,1,1,Abbie Court,4228,Abbie_Court.html,361,361,3,0,0,0,54.0,52.2
Yorkshire Court,1,1,Yorkshire Court,7073,Yorkshire_Court.html,543,543,3,0,0,0,81.2,58.6
Crystal Court,1,2,Crystal Court 1 of 2,4203,Crystal_Court_1_of_2.html,581,581,3,0,0,0,87.0,62.4
Wind Cave Court,1,1,Wind Cave Court,2015,Wind_Cave_Court.html,1019,1019,3,0,0,0,152.7,80.3
Baldwin Way,6,6,Baldwin Way 6 of 6,543,Baldwin_Way_6_of_6.html,176,176,3,0,0,0,26.2,51.0
Barolo Court,1,1,Barolo Court,7793,Barolo_Court.html,236,236,3,0,0,0,35.2,54.1
Baywood Court,1,1,Baywood Court,5943,Baywood_Court.html,696,696,3,0,0,0,104.0,65.0
Summit Creek Court,1,1,Summit Creek Court,4211,Summit_Creek_Court.html,687,687,3,0,0,0,103.2,74.6
Sylvaner Court,1,1,Sylvaner Court,6306,Sylvaner_Court.html,322,322,3,0,0,0,48.0,50.6
Locke Court,1,1,Locke Court,6372,Locke_Court.html,135,135,3,0,0,0,20.1,42.1
Louis Court,1,1,Louis Court,8280,Louis_Court.html,587,587,3,0,0,0,87.8,60.7
Macdonald Court,1,1,Macdonald Court,321,Macdonald_Court.html,745,745,3,0,0,0,111.8,69.2
Case Avenue,2,2,Case Avenue 2 of 2,4083 4084,Case_Avenue_2_of_2.html,1318,1318,3,2,0,2,197.1,125.2
Alpina Court,1,1,Alpina Court,6673,Alpina_Court.html,189,189,3,0,0,0,28.2,43.9
Stony Creek Court,1,1,Stony Creek Court,8625,Stony_Creek_Court.html,296,296,3,0,0,0,44.3,48.8
Corte Esperanza,1,1,Corte Esperanza,2318,Corte_Esperanza.html,281,281,3,0,0,0,42.1,48.8
Corte Facil,1,1,Corte Facil,3118,Corte_Facil.html,611,611,3,0,0,0,91.6,63.0
Corte Libre,1,1,Corte Libre,3119,Corte_Libre.html,1023,1023,3,0,0,0,153.2,81.0
Hartwell Court,1,1,Hartwell Court,6680,Hartwell_Court.html,734,734,3,0,0,0,110.3,67.9
Tahoe Court,1,2,Tahoe Court 1 of 2,5950,Tahoe_Court_1_of_2.html,512,512,3,0,0,0,76.8,58.8
Tamalpais Avenue,1,1,Tamalpais Avenue,7988 8161,Tamalpais_Avenue.html,969,969,3,0,0,0,145.4,76.1
Tanager Court,1,1,Tanager Court,5490,Tanager_Court.html,728,728,3,0,0,0,109.1,67.9
Garland Court,1,1,Garland Court,1698,Garland_Court.html,248,248,3,0,0,0,37.1,54.6
Gatetree Circle,2,2,Gatetree Circle 2 of 2,5941,Gatetree_Circle_2_of_2.html,512,512,3,0,0,0,76.9,57.5
Funston Gate Court,1,1,Funston Gate Court,5871,Funston_Gate_Court.html,483,483,3,1,1,0,72.3,63.8
Galanti Court,1,1,Galanti Court,7794,Galanti_Court.html,549,549,3,0,0,0,82.3,67.6
Garatti Court,1,1,Garatti Court,4471,Garatti_Court.html,1034,1034,3,0,0,0,155.0,88.8
Felton Terrace,1,1,Felton Terrace,6701,Felton_Terrace.html,734,734,3,0,0,0,110.3,67.7
Linwood Court,1,1,Linwood Court,1227,Linwood_Court.html,586,586,3,0,0,0,87.9,68.9
Tanglewood Court,1,1,Tanglewood Court,4004,Tanglewood_Court.html,676,676,3,1,1,0,101.0,70.5
Tapestry Way,2,3,Tapestry Way 2 of 3,2556,Tapestry_Way_2_of_3.html,458,458,3,0,0,0,68.6,56.3
Autumn Court,1,1,Autumn Court,5840,Autumn_Court.html,635,635,3,0,0,0,95.1,70.9
Benner Court,1,1,Benner Court,1972,Benner_Court.html,780,780,3,0,0,0,117.1,77.4
Crisfield Lane,1,1,Crisfield Lane,5120 5122,Crisfield_Lane.html,904,904,3,0,0,0,135.5,73.5
Cristobal Way,1,1,Cristobal Way,5029,Cristobal_Way.html,2422,2422,3,0,0,0,363.7,138.8
Doccia Court,1,1,Doccia Court,7808,Doccia_Court.html,703,703,3,0,0,0,105.2,74.8
Donata Court,1,1,Donata Court,8445,Donata_Court.html,253,253,3,0,0,0,37.8,54.7
Stanley Boulevard,4,4,Stanley Boulevard 4 of 4,4407,Stanley_Boulevard_4_of_4.html,196,196,3,0,0,0,29.2,52.3
Cento Court,1,1,Cento Court,7924,Cento_Court.html,300,300,3,0,0,0,44.9,56.6
Marsala Court,1,1,Marsala Court,6297,Marsala_Court.html,593,593,3,0,0,0,88.7,62.6
Marsh Hawk Court,1,1,Marsh Hawk Court,1671,Marsh_Hawk_Court.html,373,373,3,0,0,0,55.8,52.5
Mavis Court,1,1,Mavis Court,7295,Mavis_Court.html,360,360,3,0,0,0,53.9,52.7
Meadowbrook Court,1,1,Meadowbrook Court,1623,Meadowbrook_Court.html,511,511,3,0,0,0,76.6,59.5
Medallion Court,1,1,Medallion Court,2039,Medallion_Court.html,995,995,3,0,0,0,149.4,80.3
Corte Salcedo,1,1,Corte Salcedo,2551,Corte_Salcedo.html,584,584,3,1,1,0,87.7,68.3
Garibaldi Place,2,2,Garibaldi Place 2 of 2,7279,Garibaldi_Place_2_of_2.html,285,285,3,0,0,0,42.6,49.2
Forenza Court,1,1,Forenza Court,7796,Forenza_Court.html,416,416,3,0,0,0,62.3,62.0
Sorrel Downs Court,1,1,Sorrel Downs Court,1675,Sorrel_Downs_Court.html,501,501,3,0,0,0,74.9,58.4
Sorrento Place,1,1,Sorrento Place,8960,Sorrento_Place.html,586,586,3,0,0,0,87.7,67.7
Sparrow Court,2,2,Sparrow Court 2 of 2,8199,Sparrow_Court_2_of_2.html,339,339,3,0,0,0,50.6,50.6
Spinosa Court,1,1,Spinosa Court,6683,Spinosa_Court.html,154,154,3,0,0,0,23.0,42.9
Spotorno Court,1,1,Spotorno Court,7817,Spotorno_Court.html,234,234,3,0,0,0,34.9,53.4
Spyglass Court,1,1,Spyglass Court,2571,Spyglass_Court.html,569,569,3,0,0,0,85.2,61.9
Avio Court,1,1,Avio Court,7858,Avio_Court.html,572,572,3,0,0,0,85.8,68.9
Mission Drive,2,3,Mission Drive 2 of 3,5743 5747 5763,Mission_Drive_2_of_3.html,586,586,3,0,0,0,87.6,62.1
Mission Drive,3,3,Mission Drive 3 of 3,5744 5748,Mission_Drive_3_of_3.html,579,579,3,0,0,0,86.8,61.9
Merganser Court,1,1,Merganser Court,5863,Merganser_Court.html,784,784,3,0,0,0,117.6,70.4
Middleton Place,1,1,Middleton Place,4335,Middleton_Place.html,1220,1220,3,0,0,0,182.9,99.2
Mill Way,1,1,Mill Way,4227,Mill_Way.html,320,320,3,0,0,0,47.8,57.9
Milleford Court,1,1,Milleford Court,2045,Milleford_Court.html,969,969,3,0,0,0,145.4,78.2
Fairbrook Court,1,1,Fairbrook Court,1494,Fairbrook_Court.html,681,681,3,0,0,0,102.1,67.0
Fairfield Court,1,1,Fairfield Court,3574,Fairfield_Court.html,661,661,3,0,0,0,98.8,63.4
Hadsell Court,1,1,Hadsell Court,6776,Hadsell_Court.html,804,804,3,0,0,0,120.9,70.2
Corte Altamira,1,1,Corte Altamira,2667,Corte_Altamira.html,888,888,3,0,0,0,133.3,75.4
Corte Arboles,1,1,Corte Arboles,2779,Corte_Arboles.html,540,540,3,0,0,0,81.0,59.9
Corte Barcelona,1,1,Corte Barcelona,2021,Corte_Barcelona.html,712,712,3,0,0,0,106.9,67.1
Corte Bella,1,1,Corte Bella,3092,Corte_Bella.html,459,459,3,0,0,0,68.9,63.8
Corte Cerritos,1,1,Corte Cerritos,2776,Corte_Cerritos.html,529,529,3,0,0,0,79.3,59.6
Corte Elena,1,1,Corte Elena,2742,Corte_Elena.html,504,504,3,0,0,0,75.3,58.3
Corte Encinas,1,1,Corte Encinas,2774,Corte_Encinas.html,555,555,3,0,0,0,83.3,60.6
Birch Creek Terrace,1,2,Birch Creek Terrace 1 of 2,4350 4355 4354,Birch_Creek_Terrace_1_of_2.html,1618,1618,3,0,0,0,242.0,106.7
Snowball Court,1,1,Snowball Court,8261,Snowball_Court.html,590,590,3,0,0,0,88.3,61.5
Voyager Street,4,5,Voyager Street 4 of 5,7998,Voyager_Street_4_of_5.html,425,425,3,0,0,0,63.4,60.8
Voyager Street,5,5,Voyager Street 5 of 5,7999,Voyager_Street_5_of_5.html,424,424,3,0,0,0,63.4,61.2
Washington Street,1,1,Washington Street,7201,Washington_Street.html,1300,1300,3,0,0,0,195.0,93.1
Waycross Court,1,1,Waycross Court,5548,Waycross_Court.html,765,765,3,0,0,0,114.9,68.0
Wells Street,1,1,Wells Street,5103,Wells_Street.html,1324,1324,3,0,0,0,198.6,93.4
Fall Court,1,1,Fall Court,5734,Fall_Court.html,254,254,3,0,0,0,38.0,54.5
Corte Santa Maria,1,1,Corte Santa Maria,2018,Corte_Santa_Maria.html,499,499,3,0,0,0,74.6,58.0
Corte Sierra,1,1,Corte Sierra,3552,Corte_Sierra.html,666,666,3,0,0,0,99.8,65.3
Corte Sonora,1,1,Corte Sonora,3518,Corte_Sonora.html,1080,1080,3,0,0,0,161.8,83.4
Corte Trancas,1,1,Corte Trancas,2685,Corte_Trancas.html,452,452,3,0,0,0,67.9,63.3
Mockingbird Lane,1,1,Mockingbird Lane,5616,Mockingbird_Lane.html,1222,1222,3,0,0,0,183.7,96.6
Monaco Court,1,1,Monaco Court,5653,Monaco_Court.html,828,828,3,0,0,0,124.0,73.3
Limewood Court,1,1,Limewood Court,1480,Limewood_Court.html,429,429,3,0,0,0,64.3,55.9
Linda Way,1,1,Linda Way,4387 4413,Linda_Way.html,1295,1295,3,0,0,0,193.8,95.3
Corte Vida,1,1,Corte Vida,3094,Corte_Vida.html,521,521,3,0,0,0,78.2,66.2
Arendt Way,1,1,Arendt Way,4190,Arendt_Way.html,572,572,3,1,1,0,85.6,75.1
Virgin Islands Court,1,1,Virgin Islands Court,2000,Virgin_Islands_Court.html,1108,1108,3,0,0,0,166.0,91.4
Vista Diablo Way,1,1,Vista Diablo Way,7416 7417,Vista_Diablo_Way.html,419,419,3,0,0,0,62.5,61.7
Vizzolini Court,1,1,Vizzolini Court,7851,Vizzolini_Court.html,972,972,3,0,0,0,145.9,86.3
Voyager Street,3,5,Voyager Street 3 of 5,8003 8002,Voyager_Street_3_of_5.html,703,703,3,1,1,0,105.0,72.8
Hayford Court,1,1,Hayford Court,5117,Hayford_Court.html,183,183,3,0,0,0,27.2,44.4
Hazelhurst Court,1,1,Hazelhurst Court,5097,Hazelhurst_Court.html,1008,1008,3,0,0,0,151.1,80.5
Head Way,1,1,Head Way,4508,Head_Way.html,581,581,3,0,0,0,87.2,61.5
Foot Hill Road,1,3,Foot Hill Road 1 of 3,2063 2066 2068 2074,Foot_Hill_Road_1_of_3.html,1832,1832,3,1,1,0,273.9,123.7
Foothill Place,1,1,Foothill Place,2067 2108,Foothill_Place.html,1156,1156,3,0,0,0,173.5,88.6
Skimmer Court,1,1,Skimmer Court,3803,Skimmer_Court.html,1227,1227,3,0,0,0,183.7,87.8
Skylark Court,1,1,Skylark Court,3821,Skylark_Court.html,298,298,3,0,0,0,44.6,56.7
Bethel Lane,1,1,Bethel Lane,560,Bethel_Lane.html,1593,1593,3,1,1,0,239.0,122.4
Lessini Street,1,1,Lessini Street,7838,Lessini_Street.html,723,723,3,0,0,0,108.2,68.4
Lexington Place,1,1,Lexington Place,8783,Lexington_Place.html,243,243,3,0,0,0,36.3,46.7
Moraga Drive,1,1,Moraga Drive,8074 8653 8675,Moraga_Drive.html,2863,2863,3,0,0,0,429.5,161.3
Morgan Court,1,1,Morgan Court,2506,Morgan_Court.html,305,305,3,0,0,0,45.7,56.8
Carson Court,1,1,Carson Court,1976,Carson_Court.html,530,530,3,0,0,0,79.2,66.9
Shearwater Court,1,1,Shearwater Court,5492,Shearwater_Court.html,1056,1056,3,0,0,0,158.5,82.4
Foxswallow Road,1,1,Foxswallow Road,5481 5954,Foxswallow_Road.html,2205,2205,3,0,0,0,330.8,129.5
French Oak Place,1,1,French Oak Place,8524,French_Oak_Place.html,457,457,3,0,0,0,68.4,56.2
Highbluff Terrace,1,1,Highbluff Terrace,882,Highbluff_Terrace.html,882,882,3,0,0,0,132.0,83.2
Balboa Way,1,1,Balboa Way,9045,Balboa_Way.html,531,531,3,0,0,0,79.7,57.6
Baldwin Way,4,6,Baldwin Way 4 of 6,555,Baldwin_Way_4_of_6.html,251,251,3,0,0,0,37.5,47.2
Terra Court,1,1,Terra Court,7883,Terra_Court.html,201,201,3,0,0,0,30.1,45.0
Tioga Court,1,1,Tioga Court,6296 6299,Tioga_Court.html,440,440,3,0,0,0,65.9,62.9
Tonopah Court,1,1,Tonopah Court,5899,Tonopah_Court.html,427,427,3,0,0,0,63.9,55.1
Torrey Court,1,1,Torrey Court,4585,Torrey_Court.html,277,277,3,0,0,0,41.3,48.4
Black Oak Court,1,1,Black Oak Court,2105 2106,Black_Oak_Court.html,1292,1292,3,1,1,0,193.4,107.9
Blakemore Court,1,1,Blakemore Court,5059,Blakemore_Court.html,490,490,3,0,0,0,73.5,56.9
Bolero Court,1,1,Bolero Court,3833,Bolero_Court.html,340,340,3,0,0,0,50.7,58.5
Secretariat Drive,1,1,Secretariat Drive,3135 3341,Secretariat_Drive.html,1318,1318,3,1,1,0,197.3,100.2
Sequoia Court,1,1,Sequoia Court,2487,Sequoia_Court.html,559,559,3,0,0,0,83.8,60.5
Newport Street,1,1,Newport Street,6698,Newport_Street.html,914,914,3,0,0,0,137.3,75.7
Norante Court,1,1,Norante Court,8444,Norante_Court.html,242,242,3,0,0,0,36.2,54.2
North Canyons Parkway,1,2,North Canyons Parkway 1 of 2,8039 8046 8049 8053,North_Canyons_Parkway_1_of_2.html,7085,7085,3,0,0,0,1064.4,349.2
Casalino Court,1,1,Casalino Court,7816,Casalino_Court.html,507,507,3,1,1,0,75.7,71.6
Cascade Avenue,1,1,Cascade Avenue,8192,Cascade_Avenue.html,1380,1380,3,0,0,0,207.4,96.0
Mount McKinley Court,1,1,Mount McKinley Court,1815,Mount_McKinley_Court.html,350,350,3,0,0,0,52.3,51.6
Laurel Creek Drive,2,3,Laurel Creek Drive 2 of 3,726,Laurel_Creek_Drive_2_of_3.html,538,538,3,1,1,0,80.6,74.5
Leccino Court,1,1,Leccino Court,9190,Leccino_Court.html,762,762,3,1,1,0,114.3,75.0
Legendary Court,1,1,Legendary Court,731,Legendary_Court.html,647,647,3,0,0,0,96.7,64.2
Shadow Mist Court,1,1,Shadow Mist Court,8620,Shadow_Mist_Court.html,332,332,3,0,0,0,49.7,50.7
Shadow Ridge Court,1,1,Shadow Ridge Court,5645,Shadow_Ridge_Court.html,393,393,3,0,0,0,58.6,60.6
Shady Lane,1,1,Shady Lane,8526,Shady_Lane.html,599,599,3,0,0,0,89.9,61.6
Birch Creek Terrace,2,2,Birch Creek Terrace 2 of 2,4353,Birch_Creek_Terrace_2_of_2.html,110,110,3,0,0,0,16.4,41.1
Douglas Court,1,1,Douglas Court,1988,Douglas_Court.html,494,494,3,1,1,0,73.8,71.6
Dunsmuir Court,1,1,Dunsmuir Court,7087,Dunsmuir_Court.html,263,263,3,0,0,0,39.2,47.1
Dupont Drive,2,3,Dupont Drive 2 of 3,2642,Dupont_Drive_2_of_3.html,159,159,3,0,0,0,23.7,43.4
Villero Court,1,1,Villero Court,7894,Villero_Court.html,1553,1553,3,0,0,0,232.7,113.4
Vinci Way,2,3,Vinci Way 2 of 3,8544,Vinci_Way_2_of_3.html,594,594,3,0,0,0,88.8,60.6
Anza Way,1,1,Anza Way,8734 8740 9058,Anza_Way.html,2038,2038,3,0,0,0,305.9,124.3
Apache Drive,1,1,Apache Drive,5895 5898 6006,Apache_Drive.html,642,642,3,0,0,0,95.8,71.3
Apperson,1,2,Apperson 1 of 2,5124,Apperson_1_of_2.html,270,270,3,0,0,0,40.3,48.0
Apperson,2,2,Apperson 2 of 2,5129,Apperson_2_of_2.html,270,270,3,0,0,0,40.3,47.8
Neal Place,1,1,Neal Place,7257,Neal_Place.html,680,680,3,0,0,0,102.0,65.8
Dupont Drive,3,3,Dupont Drive 3 of 3,2643,Dupont_Drive_3_of_3.html,150,150,3,0,0,0,22.4,42.8
Sandia Drive,1,1,Sandia Drive,6407 6408 6409 6413 6420,Sandia_Drive.html,2010,2010,3,0,0,0,300.7,127.6
Sangro Court,1,1,Sangro Court,8450,Sangro_Court.html,434,434,3,0,0,0,65.0,69.8
Santel Court,1,1,Santel Court,7956,Santel_Court.html,300,300,3,0,0,0,44.8,56.9
Saratoga Way,1,2,Saratoga Way 1 of 2,4742,Saratoga_Way_1_of_2.html,468,468,3,0,0,0,69.9,63.8
Sassafras Court,1,1,Sassafras Court,4097,Sassafras_Court.html,434,434,3,0,0,0,64.9,62.9
Saturn Way,1,1,Saturn Way,8570 8593,Saturn_Way.html,2193,2193,3,0,0,0,329.5,127.2
Sauterne Way,1,1,Sauterne Way,6290 6293,Sauterne_Way.html,472,472,3,0,0,0,70.3,56.7
Laurel Court,1,1,Laurel Court,1220,Laurel_Court.html,656,656,3,0,0,0,98.4,65.1
Northwood Court,1,1,Northwood Court,1210,Northwood_Court.html,343,343,3,0,0,0,51.2,51.2
Caparelli Court,1,1,Caparelli Court,3729,Caparelli_Court.html,151,151,3,0,0,0,22.5,50.2
Oak Brook Court,1,1,Oak Brook Court,4608,Oak_Brook_Court.html,1116,1116,3,1,1,0,167.6,90.5
Oak Creek Court,1,1,Oak Creek Court,1297,Oak_Creek_Court.html,818,818,3,0,0,0,122.7,72.7
Oak Manor Way,1,1,Oak Manor Way,3467,Oak_Manor_Way.html,1016,1016,3,0,0,0,152.2,82.7
Oak Tree Farm Drive,1,1,Oak Tree Farm Drive,4101 4104,Oak_Tree_Farm_Drive.html,1417,1417,3,0,0,0,212.3,107.6
Vervais Avenue,1,1,Vervais Avenue,4175,Vervais_Avenue.html,807,807,3,0,0,0,121.1,70.0
Via del Sol,1,1,Via del Sol,8591 8606 8639,Via_del_Sol.html,2968,2968,3,0,0,0,445.3,164.2
San Gabriel Court,1,1,San Gabriel Court,5606,San_Gabriel_Court.html,1013,1013,3,0,0,0,152.0,82.1
San Miguel Court,1,1,San Miguel Court,5610,San_Miguel_Court.html,595,595,3,0,0,0,89.3,62.7
San Remo Court,1,1,San Remo Court,8955,San_Remo_Court.html,920,920,3,0,0,0,137.6,82.7
Conti Court,1,1,Conti Court,7896,Conti_Court.html,321,321,3,0,0,0,47.9,57.2
Corday Court,1,1,Corday Court,1849,Corday_Court.html,480,480,3,0,0,0,71.8,64.5
Homer Court,1,1,Homer Court,2277,Homer_Court.html,921,921,3,0,0,0,138.4,83.8
Homer Way,1,1,Homer Way,2152,Homer_Way.html,519,519,3,0,0,0,77.9,66.3
Eucalyptus Court,1,1,Eucalyptus Court,8156,Eucalyptus_Court.html,423,423,3,0,0,0,63.1,54.3
Chestnut Way,1,1,Chestnut Way,564,Chestnut_Way.html,2556,2556,3,0,0,0,383.7,151.1
Chianti Court,1,1,Chianti Court,6373,Chianti_Court.html,1127,1127,3,0,0,0,168.9,87.5
Cid Way,1,1,Cid Way,5008,Cid_Way.html,2153,2153,3,0,0,0,323.2,126.6
Cielo Court,1,1,Cielo Court,8406,Cielo_Court.html,586,586,3,0,0,0,87.7,60.1
Larrikeet Court,1,1,Larrikeet Court,3788,Larrikeet_Court.html,881,881,3,0,0,0,131.8,80.4
Las Lomitas Drive,1,1,Las Lomitas Drive,4272 4273 4445,Las_Lomitas_Drive.html,1501,1501,3,0,0,0,224.5,110.1
Diamond Court,1,2,Diamond Court 1 of 2,5758 5826,Diamond_Court_1_of_2.html,1349,1349,3,1,1,0,202.4,102.1
Ashton Court,1,1,Ashton Court,1674,Ashton_Court.html,858,858,3,0,0,0,128.8,75.1
Ashwood Drive,1,1,Ashwood Drive,1695,Ashwood_Drive.html,1783,1783,3,0,0,0,267.6,115.0
Sagewood Court,1,1,Sagewood Court,7166,Sagewood_Court.html,403,403,3,0,0,0,60.5,53.3
Saint Margarets Court,1,1,Saint Margarets Court,9089,Saint_Margarets_Court.html,451,451,3,1,1,0,67.5,61.8
Bordeaux Place,1,1,Bordeaux Place,6334,Bordeaux_Place.html,128,128,3,0,0,0,19.1,41.9
Bradford Way,4,6,Bradford Way 4 of 6,6712,Bradford_Way_4_of_6.html,420,420,3,0,0,0,63.0,61.9
Campo Court,1,1,Campo Court,8370,Campo_Court.html,519,519,3,0,0,0,77.9,58.3
Canton Avenue,1,1,Canton Avenue,9053,Canton_Avenue.html,2626,2626,3,0,0,0,393.2,144.0
Orofino Court,1,1,Orofino Court,6270,Orofino_Court.html,788,788,3,0,0,0,117.9,70.3
Orvieto Court,2,2,Orvieto Court 2 of 2,8545,Orvieto_Court_2_of_2.html,361,361,3,0,0,0,53.9,52.2
Old Oak Place,1,1,Old Oak Place,8491,Old_Oak_Place.html,383,383,3,0,0,0,57.2,59.5
Olive Drive,1,1,Olive Drive,1298,Olive_Drive.html,2102,2102,3,0,0,0,315.8,131.1
Empire Court,1,1,Empire Court,2011,Empire_Court.html,1110,1110,3,0,0,0,166.1,91.5
Brent Court,1,1,Brent Court,6891,Brent_Court.html,431,431,3,0,0,0,64.4,54.0
Royalton Court,1,1,Royalton Court,5079,Royalton_Court.html,704,704,3,0,0,0,105.3,67.2
Huff Court,1,1,Huff Court,4603,Huff_Court.html,503,503,3,0,0,0,75.2,58.3
Hummingbird Lane,1,1,Hummingbird Lane,8286,Hummingbird_Lane.html,3153,3153,3,0,0,0,473.2,165.2
Huntswood Court,1,1,Huntswood Court,2618,Huntswood_Court.html,605,605,3,1,1,0,90.7,76.4
Iberis Court,1,1,Iberis Court,6719,Iberis_Court.html,155,155,3,0,0,0,23.0,50.0
Cobbler Court,1,1,Cobbler Court,4426 4427,Cobbler_Court.html,566,566,3,0,0,0,84.5,61.1
Cochise Way,1,1,Cochise Way,5995 5998,Cochise_Way.html,449,449,3,0,0,0,67.0,63.2
Arroyo Road,2,3,Arroyo Road 2 of 3,9069 9071 9074 9079 9179 9084 9183,Arroyo_Road_2_of_3.html,5211,5211,3,1,0,1,1386.8,260.6
Verde Court,1,1,Verde Court,3856,Verde_Court.html,201,201,3,0,0,0,30.0,59.7
Corte Montanas,1,1,Corte Montanas,2773,Corte_Montanas.html,537,537,3,0,0,0,80.7,67.0
Corte Munras,1,1,Corte Munras,2492,Corte_Munras.html,448,448,3,0,0,0,67.1,55.9
Gibraltar Drive,5,5,Gibraltar Drive 5 of 5,3039,Gibraltar_Drive_5_of_5.html,550,550,3,1,1,0,82.5,66.0
Gibson Court,1,1,Gibson Court,2273,Gibson_Court.html,1288,1288,3,0,0,0,193.5,99.3
Verde Drive,1,1,Verde Drive,6339 6345 6399 6400 6405 6415 6432,Verde_Drive.html,4528,4528,3,2,0,2,678.0,245.5
Ithaca Way,1,2,Ithaca Way 1 of 2,5890,Ithaca_Way_1_of_2.html,1170,1170,3,1,1,0,175.5,108.6
Brianne Court,1,1,Brianne Court,5788,Brianne_Court.html,796,796,3,0,0,0,119.4,71.4
Bricco Court,1,1,Bricco Court,8440,Bricco_Court.html,243,243,3,0,0,0,36.3,54.1
Romeo Court,1,1,Romeo Court,5620,Romeo_Court.html,1212,1212,3,0,0,0,181.9,98.4
Rosecliff Court,1,1,Rosecliff Court,2604,Rosecliff_Court.html,275,275,3,0,0,0,41.2,48.3
Rosetree Court,1,1,Rosetree Court,5944,Rosetree_Court.html,631,631,3,0,0,0,94.2,61.7
Ross Gate Court,1,1,Ross Gate Court,5865,Ross_Gate_Court.html,257,257,3,0,0,0,38.5,47.3
Aspen Court,1,1,Aspen Court,1201,Aspen_Court.html,878,878,3,0,0,0,131.8,75.6
Athenour Court,1,1,Athenour Court,879 881,Athenour_Court.html,1042,1042,3,0,0,0,156.0,82.4
Trebbiano Place,1,3,Trebbiano Place 1 of 3,8418,Trebbiano_Place_1_of_3.html,848,848,3,0,0,0,127.1,81.2
Kingbird Court,1,1,Kingbird Court,1668 1681,Kingbird_Court.html,1187,1187,3,0,0,0,178.2,90.5
Kitty Hawk Road,1,2,Kitty Hawk Road 1 of 2,7792 8007 8034 7785 7788,Kitty_Hawk_Road_1_of_2.html,7597,7597,3,1,1,0,1141.1,371.1
Labecca Court,1,1,Labecca Court,6720,Labecca_Court.html,148,148,3,0,0,0,22.0,42.4
Laguna Creek Lane,2,4,Laguna Creek Lane 2 of 4,3539 3383,Laguna_Creek_Lane_2_of_4.html,412,412,3,0,0,0,600.1,61.9
Laguna Creek Lane,4,4,Laguna Creek Lane 4 of 4,3381 3382,Laguna_Creek_Lane_4_of_4.html,158,158,3,0,0,0,23.5,50.5
Cheshire Court,1,1,Cheshire Court,4741,Cheshire_Court.html,400,400,3,0,0,0,60.0,60.0
Oxsen Street,1,1,Oxsen Street,5012,Oxsen_Street.html,839,839,3,0,0,0,125.5,72.3
Arroyo Court,1,1,Arroyo Court,2569,Arroyo_Court.html,766,766,3,0,0,0,114.7,70.5
Grapevine Drive,2,2,Grapevine Drive 2 of 2,6292 6294,Grapevine_Drive_2_of_2.html,582,582,3,0,0,0,86.8,70.1
Gravina Place,2,2,Gravina Place 2 of 2,7818 7819,Gravina_Place_2_of_2.html,865,865,3,0,0,0,129.6,81.8
Greenfield Way,1,1,Greenfield Way,3584,Greenfield_Way.html,2081,2081,3,0,0,0,312.3,123.8
Road 12,1,1,Road 12,3409,Road_12.html,2130,2130,3,1,1,0,320.1,141.8
Rocca Court,1,1,Rocca Court,3713,Rocca_Court.html,149,149,3,0,0,0,22.2,50.1
Rock Point Place,1,1,Rock Point Place,8523,Rock_Point_Place.html,562,562,3,0,0,0,84.0,60.4
Rocky Mountain Court,1,1,Rocky Mountain Court,1831,Rocky_Mountain_Court.html,497,497,3,0,0,0,74.5,58.0
Arlotta Place,1,1,Arlotta Place,2114,Arlotta_Place.html,991,991,3,0,0,0,148.3,80.3
Armondo Court,1,1,Armondo Court,7901,Armondo_Court.html,1239,1239,3,0,0,0,186.0,91.9
Dana Court,1,1,Dana Court,2167,Dana_Court.html,314,314,3,0,0,0,47.1,57.4
Danbury Pk,1,2,Danbury Pk 1 of 2,5027 5032,Danbury_Pk_1_of_2.html,371,371,3,0,0,0,55.2,52.6
Danbury Pk,2,2,Danbury Pk 2 of 2,5033 5034,Danbury_Pk_2_of_2.html,370,370,3,0,0,0,55.1,52.5
Parkview Court,1,1,Parkview Court,5853,Parkview_Court.html,271,271,3,0,0,0,40.5,48.2
Parma Court,1,1,Parma Court,7903,Parma_Court.html,877,877,3,0,0,0,131.2,75.6
Paseo Navarro,1,1,Paseo Navarro,3358,Paseo_Navarro.html,3164,3164,3,1,1,0,474.4,188.4
Calle Santa Anna,1,1,Calle Santa Anna,3509,Calle_Santa_Anna.html,1730,1730,3,0,0,0,259.6,112.2
Calle de la Paz,1,1,Calle de la Paz,3568,Calle_de_la_Paz.html,512,512,3,0,0,0,76.8,58.8
Kevin Court,1,1,Kevin Court,2782,Kevin_Court.html,255,255,3,0,0,0,38.2,54.7
Inverness Court,1,1,Inverness Court,2532,Inverness_Court.html,461,461,3,1,0,1,69.0,70.0
Ironwood Drive,5,5,Ironwood Drive 5 of 5,7173,Ironwood_Drive_5_of_5.html,279,279,3,0,0,0,41.6,48.5
Ridgevale Way,1,1,Ridgevale Way,3789,Ridgevale_Way.html,1800,1800,3,0,0,0,270.1,118.9
Riesling Court,1,1,Riesling Court,7336,Riesling_Court.html,585,585,3,0,0,0,87.7,62.9
Riverdale Court,1,3,Riverdale Court 1 of 3,1468,Riverdale_Court_1_of_3.html,988,988,3,1,0,1,148.2,86.6
Riverdale Court,3,3,Riverdale Court 3 of 3,1463,Riverdale_Court_3_of_3.html,419,419,3,0,0,0,62.8,54.9
Rivestone Common,1,1,Rivestone Common,8259,Rivestone_Common.html,186,186,3,0,0,0,27.8,44.1
Corte del Vista,1,1,Corte del Vista,2132,Corte_del_Vista.html,493,493,3,0,0,0,73.7,57.7
Cortez Court,1,2,Cortez Court 1 of 2,5134,Cortez_Court_1_of_2.html,732,732,3,0,0,0,109.6,67.4
Cottonwood Court,1,1,Cottonwood Court,8055,Cottonwood_Court.html,1112,1112,3,0,0,0,167.1,82.7
Covellite Lane,1,1,Covellite Lane,8205 8218,Covellite_Lane.html,3128,3128,3,1,1,0,468.9,178.7
Knox Gate Court,1,1,Knox Gate Court,3966,Knox_Gate_Court.html,449,449,3,0,0,0,67.3,55.9
Camelot Court,1,1,Camelot Court,4924 5195,Camelot_Court.html,373,373,3,0,0,0,55.8,67.0
Cameo Court,2,4,Cameo Court 2 of 4,567,Cameo_Court_2_of_4.html,370,370,3,0,0,0,55.4,59.7
Payne Court,1,1,Payne Court,1218,Payne_Court.html,522,522,3,0,0,0,78.4,66.6
El Dorado Court,1,2,El Dorado Court 1 of 2,5479,El_Dorado_Court_1_of_2.html,553,553,3,0,0,0,83.1,60.5
Elderberry Court,1,1,Elderberry Court,2589,Elderberry_Court.html,753,753,3,0,0,0,112.9,70.9
Venice Court,1,1,Venice Court,3845 3861,Venice_Court.html,430,430,3,0,0,0,64.3,62.5
Rennellwood Way,1,1,Rennellwood Way,5011,Rennellwood_Way.html,2863,2863,3,0,0,0,429.3,162.5
Rhea Way,1,1,Rhea Way,8504,Rhea_Way.html,2589,2589,3,0,0,0,389.2,142.8
Ithaca Way,2,2,Ithaca Way 2 of 2,5897,Ithaca_Way_2_of_2.html,358,358,3,0,0,0,53.6,51.9
Jay Court,1,1,Jay Court,4243,Jay_Court.html,84,84,3,0,0,0,12.4,39.7
Jones Gate Court,1,1,Jones Gate Court,3832,Jones_Gate_Court.html,591,591,3,0,0,0,88.5,62.1
Trebbiano Place,3,3,Trebbiano Place 3 of 3,8422,Trebbiano_Place_3_of_3.html,389,389,3,0,0,0,58.3,60.8
Trenton Circle,1,2,Trenton Circle 1 of 2,4392 4400,Trenton_Circle_1_of_2.html,2232,2232,3,1,1,0,334.3,141.6
Calle Morelia,2,4,Calle Morelia 2 of 4,2746,Calle_Morelia_2_of_4.html,621,621,3,0,0,0,92.9,63.2
Pimlico Drive,2,2,Pimlico Drive 2 of 2,4922 5186,Pimlico_Drive_2_of_2.html,855,855,3,0,0,0,128.2,80.0
Pine Hill Lane,1,1,Pine Hill Lane,4446,Pine_Hill_Lane.html,3482,3482,3,3,1,2,522.9,216.4
Elsnab Court,1,1,Elsnab Court,4584,Elsnab_Court.html,229,229,3,0,0,0,34.2,46.3
Pecan Court,1,1,Pecan Court,1213,Pecan_Court.html,600,600,3,0,0,0,90.1,69.7
Klamath Court,1,2,Klamath Court 1 of 2,5955,Klamath_Court_1_of_2.html,859,859,3,0,0,0,128.9,73.8
Turquoise Way,1,1,Turquoise Way,8313 8360 8383,Turquoise_Way.html,2850,2850,3,0,0,0,428.0,155.3
Byron Court,1,1,Byron Court,5078,Byron_Court.html,367,367,3,0,0,0,54.9,52.0
Cairo Street,1,1,Cairo Street,8977,Cairo_Street.html,2069,2069,3,1,1,0,309.8,126.8
Red Feather Drive,1,1,Red Feather Drive,7388 7389,Red_Feather_Drive.html,987,987,3,0,0,0,147.8,87.2
Redbud Court,1,1,Redbud Court,1294,Redbud_Court.html,846,846,3,0,0,0,126.9,74.2
Gloria Court,1,1,Gloria Court,2065,Gloria_Court.html,994,994,3,0,0,0,148.8,87.9
Golden Eagle Way,5,6,Golden Eagle Way 5 of 6,2523,Golden_Eagle_Way_5_of_6.html,230,230,3,0,0,0,34.4,54.1
Goldfinch Way,1,1,Goldfinch Way,8266 8270,Goldfinch_Way.html,1134,1134,3,0,0,0,170.2,84.1
Goldstone Common,1,1,Goldstone Common,8240,Goldstone_Common.html,183,183,3,0,0,0,27.3,44.1
Kentwood Way,1,1,Kentwood Way,561,Kentwood_Way.html,1572,1572,3,0,0,0,236.1,108.1
Calle Esperanza,1,1,Calle Esperanza,2299 2323,Calle_Esperanza.html,1697,1697,3,1,1,0,254.2,117.2
Fieldview Court,1,1,Fieldview Court,4572,Fieldview_Court.html,428,428,3,0,0,0,64.3,54.2
Finovino Court,1,1,Finovino Court,7432,Finovino_Court.html,648,648,3,0,0,0,97.2,64.4
Quincy Court,1,1,Quincy Court,3438,Quincy_Court.html,363,363,3,0,0,0,54.3,52.0
Ramblewood Way,1,1,Ramblewood Way,5915,Ramblewood_Way.html,1822,1822,3,0,0,0,272.9,110.8
Randick Court,1,1,Randick Court,4586 4587,Randick_Court.html,425,425,3,0,0,0,63.4,54.3
Rappolla Court,1,1,Rappolla Court,3602,Rappolla_Court.html,226,226,3,0,0,0,33.7,60.8
Rasmussen Court,1,1,Rasmussen Court,7093,Rasmussen_Court.html,381,381,3,0,0,0,57.0,53.0
Rayland Court,1,1,Rayland Court,1705,Rayland_Court.html,522,522,3,0,0,0,78.3,66.6
Red Feather Court,1,1,Red Feather Court,7660 7390,Red_Feather_Court.html,2240,2240,3,0,0,0,350.4,137.8
Pleasanton Avenue,4,5,Pleasanton Avenue 4 of 5,3525,Pleasanton_Avenue_4_of_5.html,239,239,3,0,0,0,35.7,46.5
Pleasanton Avenue,5,5,Pleasanton Avenue 5 of 5,3526,Pleasanton_Avenue_5_of_5.html,198,198,3,0,0,0,29.5,51.7
Polaris Way,1,1,Polaris Way,8589,Polaris_Way.html,2703,2703,3,2,2,0,405.6,160.5
Pons Court,1,1,Pons Court,7314,Pons_Court.html,586,586,3,0,0,0,87.7,62.7
Ponte Court,1,1,Ponte Court,8412,Ponte_Court.html,500,500,3,0,0,0,75.0,57.3
Kara Place,1,1,Kara Place,9114,Kara_Place.html,874,874,3,0,0,0,130.6,72.8
Clara Lane,2,2,Clara Lane 2 of 2,7397 7399 7401 7406,Clara_Lane_2_of_2.html,645,645,3,0,0,0,96.0,72.3
Valley View Court,4,8,Valley View Court 4 of 8,1278,Valley_View_Court_4_of_8.html,312,312,3,0,0,0,46.8,50.0
Yuma Way,1,1,Yuma Way,5967 5968,Yuma_Way.html,719,719,3,0,0,0,107.3,67.3
Windsor Way,1,1,Windsor Way,8926 8934 9007 9015,Windsor_Way.html,2715,2715,3,0,0,0,407.4,151.4
Curlew Court,1,1,Curlew Court,3769,Curlew_Court.html,182,182,3,0,0,0,27.1,43.8
Whitehall Court,1,1,Whitehall Court,4606,Whitehall_Court.html,1195,1195,3,0,0,0,179.1,92.8
Longmeadow Court,1,1,Longmeadow Court,3427,Longmeadow_Court.html,357,357,3,0,0,0,53.4,52.1
Challenger Street,1,1,Challenger Street,7959,Challenger_Street.html,1822,1822,3,1,0,1,272.7,117.8
Chardonnay Place,1,2,Chardonnay Place 1 of 2,6340,Chardonnay_Place_1_of_2.html,508,508,3,0,0,0,76.3,58.6
Chelsea Way,1,1,Chelsea Way,9001,Chelsea_Way.html,2423,2423,3,0,0,0,363.8,136.4
Yukon Way,1,1,Yukon Way,8317 8345,Yukon_Way.html,1201,1201,3,0,0,0,180.3,87.0
Yuma Court,1,1,Yuma Court,5960,Yuma_Court.html,232,232,3,0,0,0,34.7,53.8
Abalone Place,1,1,Abalone Place,8347,Abalone_Place.html,487,487,2,0,0,0,73.0,56.0
West Neal Street,1,1,West Neal Street,5586,West_Neal_Street.html,965,965,2,0,0,0,144.9,78.4
West Lagoon Road,3,5,West Lagoon Road 3 of 5,3430 3431,West_Lagoon_Road_3_of_5.html,160,160,2,0,0,0,23.7,50.4
Anna Maria Street,1,1,Anna Maria Street,8139 8140 8141 8142 8146 8155,Anna_Maria_Street.html,7263,7263,2,1,1,0,1087.8,344.4
Angelico Court,1,1,Angelico Court,3746,Angelico_Court.html,222,222,2,0,0,0,33.1,45.7
Andalucia Street,1,1,Andalucia Street,8664,Andalucia_Street.html,518,518,2,0,0,0,77.5,58.1
Cherrywood Court,1,1,Cherrywood Court,1456,Cherrywood_Court.html,455,455,2,0,0,0,68.3,56.8
Chelsea Drive,1,1,Chelsea Drive,5074 5077,Chelsea_Drive.html,559,559,2,0,0,0,83.5,60.3
Chatham Court,1,1,Chatham Court,6693,Chatham_Court.html,638,638,2,0,0,0,95.5,63.2
Chateau Heights Court,1,1,Chateau Heights Court,7733,Chateau_Heights_Court.html,692,692,2,0,0,0,103.5,67.3
Lone Oak Drive,1,1,Lone Oak Drive,5771,Lone_Oak_Drive.html,671,671,2,1,1,0,100.4,70.5
William Drive,1,1,William Drive,8688 8689 8693,William_Drive.html,1600,1600,2,0,0,0,239.0,103.8
Willet Way,1,1,Willet Way,5861,Willet_Way.html,2036,2036,2,1,1,0,305.3,128.4
White Oak Place,1,1,White Oak Place,8494,White_Oak_Place.html,307,307,2,0,0,0,45.9,49.5
Corte Ponderosa,1,1,Corte Ponderosa,2549,Corte_Ponderosa.html,234,234,2,0,0,0,34.8,45.9
Maddalena Court,1,1,Maddalena Court,7878,Maddalena_Court.html,303,303,2,0,0,0,45.4,49.1
Mahogany Court,1,1,Mahogany Court,8334,Mahogany_Court.html,204,204,2,0,0,0,30.5,45.0
Malaga Court,1,1,Malaga Court,6274,Malaga_Court.html,874,874,2,0,0,0,130.8,74.7
Marbury Road,1,1,Marbury Road,8933 8935,Marbury_Road.html,1526,1526,2,0,0,0,228.4,100.4
Marigold Court,1,1,Marigold Court,1435,Marigold_Court.html,933,933,2,0,0,0,140.1,77.8
Suddard Court,1,1,Suddard Court,2143,Suddard_Court.html,367,367,2,1,1,0,55.1,65.9
Hampton Place,1,1,Hampton Place,9019,Hampton_Place.html,291,291,2,0,0,0,43.5,49.2
Harper Court,1,1,Harper Court,1986,Harper_Court.html,873,873,2,1,1,0,130.7,87.9
Harrison Street,1,1,Harrison Street,5737,Harrison_Street.html,1729,1729,2,1,1,0,259.0,125.7
Hartley Gate Court,1,1,Hartley Gate Court,5886,Hartley_Gate_Court.html,777,777,2,0,0,0,116.5,69.9
Suffolk Way,1,1,Suffolk Way,5062 5082 5531,Suffolk_Way.html,3275,3275,2,1,1,0,491.1,185.9
Tamur Court,1,1,Tamur Court,7240,Tamur_Court.html,458,458,2,0,0,0,68.5,56.9
Tangelo Court,1,1,Tangelo Court,6682,Tangelo_Court.html,163,163,2,0,0,0,24.3,42.8
Garner Court,1,1,Garner Court,2270,Garner_Court.html,1482,1482,2,1,1,0,222.7,106.6
Frog Hill Lane,1,1,Frog Hill Lane,7718 7725,Frog_Hill_Lane.html,958,958,2,0,0,0,143.2,79.3
Gapwall Court,1,1,Gapwall Court,3765,Gapwall_Court.html,550,550,2,0,0,0,82.2,66.7
Glenbrook Court,1,1,Glenbrook Court,1646,Glenbrook_Court.html,1176,1176,2,0,0,0,176.5,89.7
Glenwood Court,1,1,Glenwood Court,1264,Glenwood_Court.html,454,454,2,0,0,0,67.9,55.4
Golden Eagle Way,3,6,Golden Eagle Way 3 of 6,2576,Golden_Eagle_Way_3_of_6.html,283,283,2,0,0,0,42.2,49.1
Golden Eagle Way,4,6,Golden Eagle Way 4 of 6,2575,Golden_Eagle_Way_4_of_6.html,233,233,2,0,0,0,34.8,46.8
Golden Eagle Way,6,6,Golden Eagle Way 6 of 6,2577,Golden_Eagle_Way_6_of_6.html,124,124,2,0,0,0,18.5,41.6
Graham Street,1,1,Graham Street,5023,Graham_Street.html,2437,2437,2,0,0,0,366.2,141.5
Kemper Court,1,1,Kemper Court,2563,Kemper_Court.html,320,320,2,0,0,0,48.0,50.4
Kern Court,1,1,Kern Court,2122,Kern_Court.html,991,991,2,1,1,0,148.4,92.8
Phoebe Court,1,1,Phoebe Court,4556,Phoebe_Court.html,217,217,2,0,0,0,32.4,45.7
Calle Fuego,1,1,Calle Fuego,2679,Calle_Fuego.html,684,684,2,0,0,0,102.6,65.9
First Street,4,4,First Street 4 of 4,4399,First_Street_4_of_4.html,462,462,2,0,0,0,69.1,63.6
Fisher Court,1,1,Fisher Court,1856,Fisher_Court.html,820,820,2,1,1,0,122.6,78.1
Prospect Court,1,1,Prospect Court,1797,Prospect_Court.html,516,516,2,1,1,0,77.5,72.3
Pyrite Court,1,1,Pyrite Court,8362,Pyrite_Court.html,304,304,2,1,1,0,45.4,55.8
Quartz Circle,1,3,Quartz Circle 1 of 3,8247 8248,Quartz_Circle_1_of_3.html,2828,2828,2,1,1,0,423.9,164.9
Bruce Drive,1,1,Bruce Drive,4474,Bruce_Drive.html,534,534,2,0,0,0,80.0,59.3
Flemington Court,1,1,Flemington Court,4499 4500,Flemington_Court.html,1625,1625,2,1,1,0,243.1,112.6
Florence Road,1,1,Florence Road,9064 9065 9066,Florence_Road.html,1624,1624,2,0,0,0,242.7,102.6
Fluorite Court,1,1,Fluorite Court,8344 8348,Fluorite_Court.html,478,478,2,0,0,0,71.2,55.6
Fondray Court,1,1,Fondray Court,4103,Fondray_Court.html,583,583,2,0,0,0,87.2,69.1
Clinton Place,2,3,Clinton Place 2 of 3,7217,Clinton_Place_2_of_3.html,245,245,2,0,0,0,36.7,47.0
Tuberose Court,1,1,Tuberose Court,6688,Tuberose_Court.html,159,159,2,0,0,0,23.7,42.8
Upland Court,1,1,Upland Court,8950,Upland_Court.html,596,596,2,0,0,0,89.1,60.7
Vailwood Court,1,1,Vailwood Court,5839,Vailwood_Court.html,392,392,2,0,0,0,58.6,53.4
Valdosta Court,1,1,Valdosta Court,5547,Valdosta_Court.html,366,366,2,0,0,0,54.7,52.3
Valletta Lane,1,1,Valletta Lane,4267,Valletta_Lane.html,730,730,2,0,0,0,109.4,75.7
Valley Avenue,6,10,Valley Avenue 6 of 10,5153,Valley_Avenue_6_of_10.html,396,396,2,0,0,0,59.2,53.4
Valley Trails Drive,3,4,Valley Trails Drive 3 of 4,2753,Valley_Trails_Drive_3_of_4.html,288,288,2,0,0,0,43.1,55.9
Cabernet Court,1,1,Cabernet Court,4346,Cabernet_Court.html,700,700,2,0,0,0,104.7,68.4
Cabonia Court,1,1,Cabonia Court,8449,Cabonia_Court.html,827,827,2,0,0,0,123.9,80.0
Redondo Way,1,1,Redondo Way,8817 8835,Redondo_Way.html,1957,1957,2,0,0,0,294.0,117.3
Regulus Road,1,1,Regulus Road,8496 8516,Regulus_Road.html,2565,2565,2,0,0,0,385.3,147.4
Grand Canyon Court,1,1,Grand Canyon Court,1816,Grand_Canyon_Court.html,351,351,2,0,0,0,52.6,51.6
Valley View Court,8,8,Valley View Court 8 of 8,1277,Valley_View_Court_8_of_8.html,156,156,2,0,0,0,23.3,43.0
Craig Court,1,1,Craig Court,4263,Craig_Court.html,167,167,2,0,0,0,24.9,43.2
Eastwood Court,1,1,Eastwood Court,1221,Eastwood_Court.html,350,350,2,0,0,0,52.2,51.1
Eastwood Way,1,1,Eastwood Way,1222 1230,Eastwood_Way.html,656,656,2,0,0,0,98.0,64.2
Rheem Court,1,1,Rheem Court,4998,Rheem_Court.html,423,423,2,0,0,0,63.2,54.4
Jackie Court,1,1,Jackie Court,1992,Jackie_Court.html,1014,1014,2,1,1,0,151.8,93.8
Jasper Court,1,1,Jasper Court,8405,Jasper_Court.html,141,141,2,0,0,0,21.0,42.0
Jerlin Place,1,1,Jerlin Place,1241,Jerlin_Place.html,2386,2386,2,0,0,0,358.0,146.5
Rhone Place,1,1,Rhone Place,7753,Rhone_Place.html,705,705,2,0,0,0,105.6,67.3
Treewood Court,1,1,Treewood Court,1495,Treewood_Court.html,524,524,2,0,0,0,78.4,59.4
Pinot Court,1,1,Pinot Court,7319,Pinot_Court.html,1238,1238,2,0,0,0,185.6,91.3
Pioneer Trails Place,1,1,Pioneer Trails Place,5646,Pioneer_Trails_Place.html,670,670,2,0,0,0,100.3,65.4
Perry Lane,1,1,Perry Lane,1631,Perry_Lane.html,348,348,2,0,0,0,52.2,51.2
Peru Court,1,1,Peru Court,5101,Peru_Court.html,409,409,2,0,0,0,61.1,53.2
Pesaro Way,1,1,Pesaro Way,8855,Pesaro_Way.html,884,884,2,0,0,0,132.8,72.8
Cypress Creek Court,1,1,Cypress Creek Court,2708,Cypress_Creek_Court.html,694,694,2,1,1,0,103.9,79.9
Daylily Court,1,1,Daylily Court,7146,Daylily_Court.html,174,174,2,0,0,0,26.0,43.3
Calle Santiago,1,1,Calle Santiago,4065,Calle_Santiago.html,1310,1310,2,0,0,0,196.5,100.9
Kim Court,1,1,Kim Court,2761,Kim_Court.html,221,221,2,0,0,0,33.1,45.6
Colonial Court,1,1,Colonial Court,2598,Colonial_Court.html,347,347,2,0,0,0,52.0,51.6
Comanche Way,1,1,Comanche Way,5957,Comanche_Way.html,647,647,2,0,0,0,97.1,71.5
Inglewood Drive,4,4,Inglewood Drive 4 of 4,3159,Inglewood_Drive_4_of_4.html,470,470,2,0,0,0,70.5,64.1
Ironstone Common,1,1,Ironstone Common,8273,Ironstone_Common.html,184,184,2,0,0,0,27.5,43.8
Corwin Court,1,1,Corwin Court,1858,Corwin_Court.html,476,476,2,1,1,0,71.1,70.7
Cambridge Court,1,1,Cambridge Court,5071 5072,Cambridge_Court.html,383,383,2,0,0,0,57.3,52.5
Camdon Court,1,1,Camdon Court,4605 4607,Camdon_Court.html,828,828,2,0,0,0,123.7,71.5
Echo Court,1,1,Echo Court,1823,Echo_Court.html,375,375,2,0,0,0,56.1,52.4
Edythe Street,1,1,Edythe Street,8684,Edythe_Street.html,2380,2380,2,0,0,0,356.8,139.3
Eilene Court,1,1,Eilene Court,4989,Eilene_Court.html,161,161,2,0,0,0,24.0,43.2
El Dorado Court,2,2,El Dorado Court 2 of 2,8765,El_Dorado_Court_2_of_2.html,361,361,2,0,0,0,53.9,50.1
Elaine Avenue,1,1,Elaine Avenue,8707 8714 8729 8743 8744,Elaine_Avenue.html,3353,3353,2,0,0,0,503.3,177.0
Krause Court,1,1,Krause Court,5047,Krause_Court.html,199,199,2,0,0,0,29.8,44.7
La Quinta Court,1,1,La Quinta Court,2720,La_Quinta_Court.html,465,465,2,1,1,0,69.6,62.7
Lafayette Court,1,1,Lafayette Court,1628,Lafayette_Court.html,766,766,2,0,0,0,115.0,70.9
Page Court,1,1,Page Court,2013,Page_Court.html,1001,1001,2,1,1,0,149.7,93.4
Armstrong Street,1,1,Armstrong Street,8010 8011,Armstrong_Street.html,2285,2285,2,0,0,0,341.7,136.7
Arronia Court,1,1,Arronia Court,7144,Arronia_Court.html,162,162,2,0,0,0,24.1,42.7
Gray Fox Circle,2,2,Gray Fox Circle 2 of 2,7391,Gray_Fox_Circle_2_of_2.html,667,667,2,0,0,0,99.8,66.3
Greenberry Court,1,1,Greenberry Court,3773,Greenberry_Court.html,661,661,2,0,0,0,98.7,62.6
Grillo Court,1,1,Grillo Court,6377,Grillo_Court.html,616,616,2,0,0,0,92.2,62.8
Grosvenor Heights Court,1,1,Grosvenor Heights Court,9099,Grosvenor_Heights_Court.html,346,346,2,0,0,0,51.7,51.6
Guthrie Court,1,1,Guthrie Court,7140,Guthrie_Court.html,265,265,2,0,0,0,39.6,47.2
Guyson Court,1,1,Guyson Court,2276,Guyson_Court.html,1060,1060,2,1,1,0,159.2,95.7
Guzman Parkway,1,3,Guzman Parkway 1 of 3,7060 7061,Guzman_Parkway_1_of_3.html,405,405,2,0,0,0,60.3,53.6
Rollingstone Common,1,1,Rollingstone Common,8254,Rollingstone_Common.html,181,181,2,0,0,0,26.9,43.7
Collier Canyon Road,1,1,Collier Canyon Road,7699 7714,Collier_Canyon_Road.html,8354,8354,2,0,0,0,1255.3,394.1
Armani Court,1,1,Armani Court,3853,Armani_Court.html,283,283,2,0,0,0,42.3,55.9
Gettysburg Court North,1,1,Gettysburg Court North,1993,Gettysburg_Court_North.html,423,423,2,0,0,0,63.2,54.5
Gettysburg Court South,1,1,Gettysburg Court South,2009,Gettysburg_Court_South.html,381,381,2,0,0,0,56.8,52.5
Ginger Court,1,1,Ginger Court,1225,Ginger_Court.html,507,507,2,0,0,0,76.0,58.5
Onyx Road,1,1,Onyx Road,8305 8314 8315,Onyx_Road.html,2241,2241,2,1,1,0,335.0,133.6
Orange Way,1,1,Orange Way,8641,Orange_Way.html,716,716,2,0,0,0,107.5,67.2
Orion Court,1,2,Orion Court 1 of 2,8612,Orion_Court_1_of_2.html,422,422,2,0,0,0,63.1,53.5
Orion Court,2,2,Orion Court 2 of 2,7298,Orion_Court_2_of_2.html,381,381,2,0,0,0,57.0,52.9
Camillo Court,1,1,Camillo Court,8413,Camillo_Court.html,284,284,2,0,0,0,42.4,56.2
Briggs Court,1,1,Briggs Court,2043,Briggs_Court.html,1060,1060,2,0,0,0,158.8,83.1
Briones Court,1,1,Briones Court,4569,Briones_Court.html,511,511,2,0,0,0,76.4,57.4
Brooks Court,1,1,Brooks Court,1812,Brooks_Court.html,214,214,2,0,0,0,32.0,52.9
Roselli Drive,1,1,Roselli Drive,8843 8844 8845 8846,Roselli_Drive.html,2018,2018,2,0,0,0,301.6,121.7
Rosewood Drive,3,3,Rosewood Drive 3 of 3,5526,Rosewood_Drive_3_of_3.html,115,115,2,0,0,0,17.1,48.2
Roslin Court,1,1,Roslin Court,2272,Roslin_Court.html,1192,1192,2,1,1,0,179.0,101.7
Kirkcaldy Court,1,1,Kirkcaldy Court,6908,Kirkcaldy_Court.html,426,426,2,0,0,0,63.6,53.6
Koll Center Parkway,4,5,Koll Center Parkway 4 of 5,2636,Koll_Center_Parkway_4_of_5.html,546,546,2,0,0,0,81.9,60.1
Oakview Court,1,1,Oakview Court,3814,Oakview_Court.html,323,323,2,0,0,0,48.3,50.2
Old Bernal Court,1,1,Old Bernal Court,5832,Old_Bernal_Court.html,379,379,2,0,0,0,56.8,59.9
Old Sawmill Way,1,1,Old Sawmill Way,2609,Old_Sawmill_Way.html,359,359,2,0,0,0,53.8,51.9
Emerald Street,1,1,Emerald Street,8214,Emerald_Street.html,2530,2530,2,1,1,0,379.5,151.6
Entrada Court,1,1,Entrada Court,4252,Entrada_Court.html,832,832,2,0,0,0,124.5,74.0
Equus Court,1,1,Equus Court,1255,Equus_Court.html,407,407,2,0,0,0,61.1,55.0
Escondido Circle,3,7,Escondido Circle 3 of 7,8092,Escondido_Circle_3_of_7.html,514,514,2,0,0,0,77.0,58.5
Bradford Way,6,6,Bradford Way 6 of 6,6709,Bradford_Way_6_of_6.html,87,87,2,0,0,0,13.0,39.7
Brandy Court,1,1,Brandy Court,6276,Brandy_Court.html,569,569,2,0,0,0,85.4,61.7
Bresso Court,1,1,Bresso Court,8874,Bresso_Court.html,755,755,2,0,0,0,112.9,67.1
Salvador Court,1,1,Salvador Court,7211,Salvador_Court.html,603,603,2,0,0,0,90.2,63.2
Independence Drive,4,4,Independence Drive 4 of 4,8040 8041,Independence_Drive_4_of_4.html,325,325,2,0,0,0,48.3,51.0
Clubhouse Drive,3,3,Clubhouse Drive 3 of 3,7773,Clubhouse_Drive_3_of_3.html,572,572,2,0,0,0,85.8,67.6
Cobblestone Common,1,1,Cobblestone Common,8251,Cobblestone_Common.html,179,179,2,0,0,0,26.8,43.5
Cochise Court,1,1,Cochise Court,6003,Cochise_Court.html,256,256,2,0,0,0,38.3,47.0
Corte Margarita,1,1,Corte Margarita,3403,Corte_Margarita.html,1039,1039,2,1,1,0,155.8,88.0
Chillingham Court,1,2,Chillingham Court 1 of 2,5174 5534,Chillingham_Court_1_of_2.html,509,509,2,0,0,0,76.0,58.3
Chippendale Court,1,1,Chippendale Court,5527 5529,Chippendale_Court.html,350,350,2,0,0,0,52.2,51.2
Christina Court,1,1,Christina Court,4382,Christina_Court.html,1140,1140,2,0,0,0,170.6,86.4
Cinnabar Drive,1,1,Cinnabar Drive,8227 8230,Cinnabar_Drive.html,1937,1937,2,1,1,0,290.3,126.7
Lansing Court,1,1,Lansing Court,5781,Lansing_Court.html,445,445,2,0,0,0,66.5,56.2
Deodar Way,2,2,Deodar Way 2 of 2,863 873,Deodar_Way_2_of_2.html,1050,1050,2,0,0,0,157.5,90.4
Devereux Court,1,1,Devereux Court,2033,Devereux_Court.html,716,716,2,0,0,0,107.3,68.1
Diamond Court,2,2,Diamond Court 2 of 2,8384,Diamond_Court_2_of_2.html,545,545,2,0,0,0,81.7,59.5
Crespi Court,1,1,Crespi Court,6279,Crespi_Court.html,364,364,2,0,0,0,54.4,52.1
Crest Court,1,1,Crest Court,1843,Crest_Court.html,1009,1009,2,1,1,0,151.0,86.2
Colby Court,1,1,Colby Court,4260,Colby_Court.html,157,157,2,0,0,0,23.4,42.8
Ruxton Court,1,1,Ruxton Court,2278,Ruxton_Court.html,1059,1059,2,1,1,0,159.0,95.7
Bradford Way,3,6,Bradford Way 3 of 6,6708,Bradford_Way_3_of_6.html,430,430,2,0,0,0,64.4,55.0
Bradford Way,5,6,Bradford Way 5 of 6,6707,Bradford_Way_5_of_6.html,405,405,2,0,0,0,60.6,53.9
Camino Via Espada,1,1,Camino Via Espada,3410,Camino_Via_Espada.html,2054,2054,2,1,1,0,307.6,132.3
Canosa Court,1,1,Canosa Court,7845,Canosa_Court.html,426,426,2,0,0,0,64.0,54.7
Oak Lane,1,1,Oak Lane,3487,Oak_Lane.html,825,825,2,0,0,0,123.8,73.7
Oak Vista Way,3,5,Oak Vista Way 3 of 5,3393 3395,Oak_Vista_Way_3_of_5.html,186,186,2,0,0,0,27.6,44.3
Via Madrid,1,1,Via Madrid,8721,Via_Madrid.html,3337,3337,2,0,0,0,500.7,177.9
San Luis Court,1,1,San Luis Court,5644,San_Luis_Court.html,1051,1051,2,0,0,0,157.3,83.2
San Marco Street,1,1,San Marco Street,8565,San_Marco_Street.html,581,581,2,0,0,0,86.9,59.5
San Miguel Drive,1,1,San Miguel Drive,8842,San_Miguel_Drive.html,529,529,2,0,0,0,79.3,59.2
Cordoba Street,1,1,Cordoba Street,8830 8831 8832,Cordoba_Street.html,1621,1621,2,0,0,0,242.3,102.9
Corona Court,1,1,Corona Court,3756,Corona_Court.html,230,230,2,0,0,0,34.2,53.5
Hopkins Court,1,1,Hopkins Court,4210,Hopkins_Court.html,610,610,2,0,0,0,91.4,63.7
Touriga Place,1,1,Touriga Place,6359,Touriga_Place.html,144,144,2,0,0,0,21.6,42.5
Denton Court,1,1,Denton Court,6699,Denton_Court.html,379,379,2,0,0,0,56.8,52.5
Deodar Way,1,2,Deodar Way 1 of 2,866 872,Deodar_Way_1_of_2.html,1061,1061,2,0,0,0,159.2,91.0
Evans Place,1,1,Evans Place,9025,Evans_Place.html,361,361,2,0,0,0,54.1,51.0
Oak Vista Way,4,5,Oak Vista Way 4 of 5,3396,Oak_Vista_Way_4_of_5.html,128,128,2,0,0,0,19.0,41.7
Oak Vista Way,5,5,Oak Vista Way 5 of 5,3394,Oak_Vista_Way_5_of_5.html,121,121,2,0,0,0,17.9,41.1
Oaks Bridge Place,1,1,Oaks Bridge Place,3499,Oaks_Bridge_Place.html,651,651,2,0,0,0,97.4,64.2
Murrieta Boulevard,1,2,Murrieta Boulevard 1 of 2,8685 8718,Murrieta_Boulevard_1_of_2.html,3127,3127,2,0,0,0,469.2,171.0
Murrieta Boulevard,2,2,Murrieta Boulevard 2 of 2,8686,Murrieta_Boulevard_2_of_2.html,2441,2441,2,0,0,0,366.1,142.1
Napier Court,1,1,Napier Court,5802,Napier_Court.html,205,205,2,0,0,0,30.6,45.4
Nelson Court,1,1,Nelson Court,4292,Nelson_Court.html,260,260,2,0,0,0,38.8,47.5
Horizons Court,1,1,Horizons Court,713,Horizons_Court.html,327,327,2,0,0,0,48.9,50.8
Sandstone Common,1,1,Sandstone Common,8278,Sandstone_Common.html,196,196,2,0,0,0,29.2,44.5
Santa Rita Road,4,4,Santa Rita Road 4 of 4,5146,Santa_Rita_Road_4_of_4.html,348,348,2,0,0,0,52.0,51.5
Sapphire Drive,1,1,Sapphire Drive,8144,Sapphire_Drive.html,1910,1910,2,1,1,0,286.1,123.4
Saratoga Way,2,2,Saratoga Way 2 of 2,4769,Saratoga_Way_2_of_2.html,220,220,2,0,0,0,32.7,52.4
Scherman Way,1,1,Scherman Way,8296 8298,Scherman_Way.html,1301,1301,2,0,0,0,194.5,91.3
School Street,1,1,School Street,4239,School_Street.html,2599,2599,2,0,0,0,390.6,149.2
San Carlos Way,1,1,San Carlos Way,5636 5773,San_Carlos_Way.html,1639,1639,2,0,0,0,245.2,110.7
Nursery Way,1,1,Nursery Way,4532 4533,Nursery_Way.html,1169,1169,2,0,0,0,174.8,85.6
Capella Court,1,1,Capella Court,3859,Capella_Court.html,247,247,2,0,0,0,36.9,54.3
Capri Court,1,1,Capri Court,8993,Capri_Court.html,975,975,2,0,0,0,146.4,76.2
Carlsbad Court,2,2,Carlsbad Court 2 of 2,8164,Carlsbad_Court_2_of_2.html,235,235,2,0,0,0,35.2,46.1
Laurel Creek Drive,3,3,Laurel Creek Drive 3 of 3,725,Laurel_Creek_Drive_3_of_3.html,504,504,2,1,1,0,75.6,65.4
Leona Place,1,2,Leona Place 1 of 2,7648,Leona_Place_1_of_2.html,908,908,2,0,0,0,136.2,82.2
Shamrock Way,1,1,Shamrock Way,8796,Shamrock_Way.html,676,676,2,0,0,0,101.5,63.4
Sharab Court,1,1,Sharab Court,7237,Sharab_Court.html,1000,1000,2,0,0,0,149.6,80.8
Schween Court,1,1,Schween Court,4543,Schween_Court.html,801,801,2,0,0,0,120.0,71.1
Sea Wolf Way,1,1,Sea Wolf Way,8327 8467,Sea_Wolf_Way.html,1181,1181,2,0,0,0,177.3,86.5
Bivar Court,1,1,Bivar Court,5022,Bivar_Court.html,394,394,2,0,0,0,58.8,52.5
Doral Court,1,1,Doral Court,2599,Doral_Court.html,277,277,2,0,0,0,41.5,48.4
Dorman Court,1,1,Dorman Court,1979,Dorman_Court.html,406,406,2,1,1,0,60.8,67.6
Downing Court,1,1,Downing Court,1852,Downing_Court.html,619,619,2,1,1,0,92.5,69.3
Dublin Road,1,1,Dublin Road,311,Dublin_Road.html,2261,2261,2,0,0,0,339.7,138.6
Viano Way,1,1,Viano Way,8548,Viano_Way.html,573,573,2,0,0,0,85.7,60.9
Victoria Court,1,1,Victoria Court,9101,Victoria_Court.html,398,398,2,0,0,0,59.5,53.5
Applewood Court,1,1,Applewood Court,1447,Applewood_Court.html,379,379,2,0,0,0,56.8,53.1
Arak Court,1,1,Arak Court,6379,Arak_Court.html,357,357,2,0,0,0,53.5,52.1
Arbor Court,1,1,Arbor Court,6390,Arbor_Court.html,362,362,2,0,0,0,54.3,52.5
Bacon Court,1,1,Bacon Court,2154,Bacon_Court.html,1006,1006,2,1,1,0,150.5,90.7
Baldwin Way,2,6,Baldwin Way 2 of 6,544,Baldwin_Way_2_of_6.html,385,385,2,0,0,0,57.5,52.6
Ticino Court,1,1,Ticino Court,7879,Ticino_Court.html,453,453,2,0,0,0,68.0,63.5
Tillman Court,1,1,Tillman Court,531,Tillman_Court.html,696,696,2,0,0,0,104.4,67.3
Tina Way,1,1,Tina Way,8633,Tina_Way.html,1214,1214,2,0,0,0,182.3,87.2
Tokay Court,1,1,Tokay Court,7423,Tokay_Court.html,1185,1185,2,0,0,0,177.9,88.6
Tomas Way,1,1,Tomas Way,5765,Tomas_Way.html,1111,1111,2,0,0,0,166.4,84.0
Blacow Court,1,1,Blacow Court,4551,Blacow_Court.html,512,512,2,0,0,0,76.6,58.5
Blacow Street,1,1,Blacow Street,4547,Blacow_Street.html,643,643,2,0,0,0,96.1,63.5
Blanc Court,1,1,Blanc Court,6366,Blanc_Court.html,1251,1251,2,0,0,0,187.4,92.4
Segundo Court,1,1,Segundo Court,2559,Segundo_Court.html,831,831,2,0,0,0,124.4,72.9
Nevis Street,1,1,Nevis Street,5007 5102 5111,Nevis_Street.html,2248,2248,2,1,1,0,337.5,137.5
Niagara Drive,1,1,Niagara Drive,8571 8572 8573 8574 8575,Niagara_Drive.html,1630,1630,2,0,0,0,243.5,101.2
Nicosia Court,1,1,Nicosia Court,7836 7839,Nicosia_Court.html,1054,1054,2,0,0,0,157.9,83.3
Cascata Court,1,1,Cascata Court,7943,Cascata_Court.html,345,345,2,0,0,0,51.7,51.0
Mosswood Court,1,1,Mosswood Court,8281,Mosswood_Court.html,485,485,2,0,0,0,72.4,57.3
Corte del Cino,1,1,Corte del Cino,2495,Corte_del_Cino.html,395,395,2,0,0,0,59.1,53.3
Monaco Drive,2,3,Monaco Drive 2 of 3,5767,Monaco_Drive_2_of_3.html,313,313,2,0,0,0,46.8,50.7
Monaco Drive,3,3,Monaco Drive 3 of 3,5768,Monaco_Drive_3_of_3.html,293,293,2,0,0,0,43.9,49.6
Monarda Court,1,1,Monarda Court,6670,Monarda_Court.html,141,141,2,0,0,0,21.0,41.9
Montpelier Court,1,1,Montpelier Court,5512 5517,Montpelier_Court.html,832,832,2,0,0,0,124.3,72.5
Morganfield Road,2,3,Morganfield Road 2 of 3,5556,Morganfield_Road_2_of_3.html,299,299,2,0,0,0,44.9,49.2
Morganfield Road,3,3,Morganfield Road 3 of 3,5555,Morganfield_Road_3_of_3.html,277,277,2,0,0,0,41.4,48.4
Moselle Court,1,1,Moselle Court,7226,Moselle_Court.html,1063,1063,2,0,0,0,158.9,83.9
Carlton Place,1,1,Carlton Place,8994,Carlton_Place.html,1038,1038,2,0,0,0,156.0,78.7
Carmel Avenue,1,1,Carmel Avenue,8699,Carmel_Avenue.html,1482,1482,2,1,1,0,221.8,104.7
Shawnee Way,1,2,Shawnee Way 1 of 2,6008,Shawnee_Way_1_of_2.html,407,407,2,0,0,0,61.1,54.1
Shawnee Way,2,2,Shawnee Way 2 of 2,6007,Shawnee_Way_2_of_2.html,365,365,2,0,0,0,54.7,51.8
Foxswallow Circle,1,1,Foxswallow Circle,5947,Foxswallow_Circle.html,1769,1769,2,0,0,0,265.1,110.7
Herrin Court,1,1,Herrin Court,1706,Herrin_Court.html,522,522,2,1,1,0,78.4,72.6
Hillsdale Court,1,1,Hillsdale Court,1475,Hillsdale_Court.html,483,483,2,0,0,0,72.5,58.3
Hillview Court,1,1,Hillview Court,1432,Hillview_Court.html,937,937,2,0,0,0,140.7,77.7
Corte Sonada,1,1,Corte Sonada,2550,Corte_Sonada.html,431,431,2,1,1,0,64.4,61.3
Casadero Court,1,1,Casadero Court,3982,Casadero_Court.html,312,312,2,0,0,0,46.5,49.5
Lido Drive,1,1,Lido Drive,8595 8640 8644,Lido_Drive.html,3593,3593,2,0,0,0,539.1,191.9
Lightland Court,1,1,Lightland Court,5157,Lightland_Court.html,289,289,2,0,0,0,43.1,48.9
Lin Gate Court,1,1,Lin Gate Court,6002,Lin_Gate_Court.html,531,531,2,0,0,0,79.5,59.1
Lindbergh Avenue,1,1,Lindbergh Avenue,8006 8032,Lindbergh_Avenue.html,5678,5678,2,2,0,2,853.2,278.9
Corte Verde,1,1,Corte Verde,2100,Corte_Verde.html,384,384,2,0,0,0,57.5,60.1
Helpert Court,1,1,Helpert Court,1855,Helpert_Court.html,714,714,2,1,1,0,106.7,80.7
Shutesbury Way,1,1,Shutesbury Way,3459,Shutesbury_Way.html,293,293,2,0,0,0,43.8,49.2
Sierrawood Lane,1,1,Sierrawood Lane,1304,Sierrawood_Lane.html,1978,1978,2,0,0,0,296.4,122.8
Silver Street,1,1,Silver Street,4177 4245,Silver_Street.html,2619,2619,2,1,1,0,393.5,156.0
Silverstone Common,1,1,Silverstone Common,8252,Silverstone_Common.html,182,182,2,0,0,0,27.2,43.8
Bernal Avenue,3,3,Bernal Avenue 3 of 3,4275,Bernal_Avenue_3_of_3.html,26,26,2,0,0,0,3.7,36.4
Bersano Court,1,1,Bersano Court,7872,Bersano_Court.html,675,675,2,0,0,0,101.0,73.3
Bianco Court,1,1,Bianco Court,3710,Bianco_Court.html,224,224,2,0,0,0,33.5,53.2
Lethram Court,1,1,Lethram Court,5050,Lethram_Court.html,197,197,2,0,0,0,29.5,51.8
Mendenhall Court,1,1,Mendenhall Court,6774,Mendenhall_Court.html,960,960,2,1,1,0,143.8,82.0
Merano Court,1,1,Merano Court,3735,Merano_Court.html,216,216,2,0,0,0,32.2,45.5
Mercury Road,1,1,Mercury Road,8566 8567 8849,Mercury_Road.html,2730,2730,2,0,0,0,408.6,155.4
Merritt Lane,1,1,Merritt Lane,8948 8952,Merritt_Lane.html,767,767,2,0,0,0,115.0,70.1
Fairoaks Court,1,1,Fairoaks Court,549,Fairoaks_Court.html,376,376,2,0,0,0,56.3,53.0
Azurite Way,1,1,Azurite Way,7949,Azurite_Way.html,759,759,2,0,0,0,113.9,68.6
Hall Court,1,1,Hall Court,4545,Hall_Court.html,379,379,2,0,0,0,56.5,51.9
Corte Antonio,1,1,Corte Antonio,2097,Corte_Antonio.html,424,424,2,0,0,0,63.7,54.7
Corte Balboa,1,1,Corte Balboa,2002,Corte_Balboa.html,633,633,2,1,1,0,94.7,77.5
Soapstone Common,1,1,Soapstone Common,8275,Soapstone_Common.html,189,189,2,0,0,0,28.3,43.9
Sorano Court,1,1,Sorano Court,7830,Sorano_Court.html,401,401,2,0,0,0,60.2,61.0
Wade Court,1,1,Wade Court,2138,Wade_Court.html,367,367,2,1,1,0,54.9,58.5
Walnut Drive,1,1,Walnut Drive,4237,Walnut_Drive.html,1820,1820,2,1,1,0,273.1,122.3
Washoe Way,1,1,Washoe Way,5994,Washoe_Way.html,347,347,2,0,0,0,51.8,51.4
Wayland Loop,2,2,Wayland Loop 2 of 2,8112,Wayland_Loop_2_of_2.html,604,604,2,1,1,0,90.3,68.4
Fargo Court,1,1,Fargo Court,1802,Fargo_Court.html,178,178,2,0,0,0,26.5,44.0
Mason Court,1,1,Mason Court,1860,Mason_Court.html,219,219,2,0,0,0,32.7,45.8
Massey Court,1,1,Massey Court,1798,Massey_Court.html,491,491,2,1,1,0,73.7,71.2
Medinah Court,1,1,Medinah Court,2734,Medinah_Court.html,720,720,2,1,1,0,107.9,74.1
Medolla Court,1,1,Medolla Court,8863,Medolla_Court.html,405,405,2,0,0,0,60.8,53.6
Garibaldi Place,1,2,Garibaldi Place 1 of 2,7278 7283,Garibaldi_Place_1_of_2.html,2212,2212,2,0,0,0,331.6,135.5
Starling Court,1,1,Starling Court,3770,Starling_Court.html,790,790,2,0,0,0,118.2,68.5
Stoneridge Creek Way,4,5,Stoneridge Creek Way 4 of 5,6558 6559,Stoneridge_Creek_Way_4_of_5.html,519,519,2,1,0,1,77.5,65.7
Spoleto Court,1,1,Spoleto Court,3732,Spoleto_Court.html,168,168,2,0,0,0,25.1,50.8
Spumante Place,2,2,Spumante Place 2 of 2,7822,Spumante_Place_2_of_2.html,156,156,2,0,0,0,23.3,43.2
Beaumont Court,1,1,Beaumont Court,2620,Beaumont_Court.html,648,648,2,1,1,0,97.2,70.8
Becard Court,1,1,Becard Court,3562,Becard_Court.html,723,723,2,1,1,0,108.1,79.7
Beech Court,1,1,Beech Court,1973,Beech_Court.html,651,651,2,0,0,0,97.8,71.5
Begonia Court,1,1,Begonia Court,4541,Begonia_Court.html,239,239,2,0,0,0,35.7,46.3
Minivet Court,1,1,Minivet Court,3986,Minivet_Court.html,544,544,2,0,0,0,81.4,67.1
Mirador Court,1,1,Mirador Court,4337,Mirador_Court.html,770,770,2,0,0,0,115.5,69.3
Melbourne Court,1,1,Melbourne Court,7160 7161,Melbourne_Court.html,525,525,2,1,1,0,78.4,64.3
Catawba Court,1,1,Catawba Court,6286,Catawba_Court.html,704,704,2,0,0,0,105.7,67.8
Farmington Way,1,1,Farmington Way,8775 8804,Farmington_Way.html,1743,1743,2,0,0,0,261.6,113.2
Feldspar Court,1,1,Feldspar Court,8374,Feldspar_Court.html,460,460,2,0,0,0,68.8,55.5
Fernwood Court,1,1,Fernwood Court,1307,Fernwood_Court.html,321,321,2,0,0,0,47.9,50.2
Fernwood Way,1,1,Fernwood Way,1242,Fernwood_Way.html,624,624,2,0,0,0,93.3,63.3
Liveoak Court,1,1,Liveoak Court,1465,Liveoak_Court.html,475,475,2,0,0,0,71.0,56.4
Tawny Drive,2,3,Tawny Drive 2 of 3,7332,Tawny_Drive_2_of_3.html,250,250,2,0,0,0,37.3,54.5
Tawny Drive,3,3,Tawny Drive 3 of 3,7333,Tawny_Drive_3_of_3.html,222,222,2,0,0,0,33.2,53.1
Tehan Canyon,1,1,Tehan Canyon,1629,Tehan_Canyon.html,727,727,2,0,0,0,109.0,76.9
Tehan Canyon Court,1,1,Tehan Canyon Court,1633,Tehan_Canyon_Court.html,1136,1136,2,1,1,0,170.7,100.2
Avenida de Las Palmas,1,4,Avenida de Las Palmas 1 of 4,8067 8070 8647 8079 8096,Avenida_de_Las_Palmas_1_of_4.html,1702,1702,2,0,0,0,266.6,109.7
Belmont Way,1,1,Belmont Way,4735,Belmont_Way.html,488,488,2,0,0,0,73.0,64.7
Benjamin Court,1,1,Benjamin Court,4247,Benjamin_Court.html,188,188,2,0,0,0,28.0,44.4
Fairview Court,1,2,Fairview Court 1 of 2,4017,Fairview_Court_1_of_2.html,590,590,2,0,0,0,88.2,59.7
Cellars Drive,3,3,Cellars Drive 3 of 3,8915,Cellars_Drive_3_of_3.html,175,175,2,0,0,0,26.1,43.5
Chablis Court,1,1,Chablis Court,6332,Chablis_Court.html,873,873,2,0,0,0,131.2,75.4
Corte Paloma,1,1,Corte Paloma,3514,Corte_Paloma.html,1036,1036,2,0,0,0,155.3,81.4
Zenith Way,1,1,Zenith Way,7120,Zenith_Way.html,855,855,2,1,1,0,128.1,86.9
Crystal Court,2,2,Crystal Court 2 of 2,7964,Crystal_Court_2_of_2.html,103,103,2,0,0,0,15.3,40.2
Willow Road,3,3,Willow Road 3 of 3,3062,Willow_Road_3_of_3.html,524,524,2,0,0,0,78.3,58.2
Acorn Place,1,1,Acorn Place,8341,Acorn_Place.html,829,829,2,0,0,0,124.5,69.2
Batavia Avenue,1,1,Batavia Avenue,9048,Batavia_Avenue.html,2090,2090,2,0,0,0,312.8,121.5
Beachwood Way,1,1,Beachwood Way,5912,Beachwood_Way.html,2283,2283,2,1,1,0,341.9,137.5
Sundrop Court,1,1,Sundrop Court,1219,Sundrop_Court.html,641,641,2,0,0,0,96.2,64.3
Sutherland Court,1,1,Sutherland Court,4990,Sutherland_Court.html,186,186,2,0,0,0,27.8,43.9
Sycamore Terrace,1,1,Sycamore Terrace,5775,Sycamore_Terrace.html,786,786,2,0,0,0,117.6,69.8
Livermore Outlets Drive,3,3,Livermore Outlets Drive 3 of 3,7536,Livermore_Outlets_Drive_3_of_3.html,118,118,2,0,0,0,17.6,41.3
Livorno Court,1,1,Livorno Court,8882,Livorno_Court.html,502,502,2,0,0,0,75.0,56.8
Loganberry Way,1,1,Loganberry Way,5485,Loganberry_Way.html,2111,2111,2,0,0,0,316.1,123.5
Cellars Drive,2,3,Cellars Drive 2 of 3,8914,Cellars_Drive_2_of_3.html,180,180,2,0,0,0,26.8,43.8
Lozano Court,1,1,Lozano Court,7914,Lozano_Court.html,318,318,2,0,0,0,47.6,57.6
Macias Court,1,1,Macias Court,5617,Macias_Court.html,427,427,2,0,0,0,64.0,55.1
Pomezia Court,1,1,Pomezia Court,7821,Pomezia_Court.html,958,958,2,0,0,0,143.6,86.0
Potenza Court,1,1,Potenza Court,8865,Potenza_Court.html,459,459,2,0,0,0,68.7,56.3
Citrine Place,1,1,Citrine Place,8376,Citrine_Place.html,474,474,2,0,0,0,70.9,56.6
Claret Court,1,1,Claret Court,6389,Claret_Court.html,444,444,2,0,0,0,66.5,56.1
Ferrara Court,1,1,Ferrara Court,3757,Ferrara_Court.html,165,165,2,0,0,0,24.6,50.6
Valley Trails Drive,4,4,Valley Trails Drive 4 of 4,2503,Valley_Trails_Drive_4_of_4.html,125,125,2,0,0,0,18.6,48.9
Valley View Court,5,8,Valley View Court 5 of 8,1267,Valley_View_Court_5_of_8.html,216,216,2,0,0,0,32.3,45.6
Valley View Court,6,8,Valley View Court 6 of 8,1273,Valley_View_Court_6_of_8.html,171,171,2,0,0,0,25.5,43.6
Valley View Court,7,8,Valley View Court 7 of 8,1271,Valley_View_Court_7_of_8.html,159,159,2,0,0,0,23.7,43.2
Windsor Place,1,1,Windsor Place,9013,Windsor_Place.html,318,318,2,0,0,0,47.5,49.4
Winter Court,1,1,Winter Court,5729,Winter_Court.html,289,289,2,0,0,0,43.2,48.9
Cumberland Gap Court,1,1,Cumberland Gap Court,2295,Cumberland_Gap_Court.html,869,869,2,0,0,0,130.1,80.9
Cupflower Court,1,1,Cupflower Court,6733,Cupflower_Court.html,163,163,2,0,0,0,24.2,50.0
Alder Court,1,1,Alder Court,1206,Alder_Court.html,985,985,2,0,0,0,147.9,80.1
Alexander Court,1,1,Alexander Court,5089,Alexander_Court.html,726,726,2,0,0,0,108.6,67.7
Alma Court,1,1,Alma Court,1996,Alma_Court.html,1076,1076,2,1,1,0,161.0,89.0
Wingate Drive,1,1,Wingate Drive,4015 5856 5913 5916,Wingate_Drive.html,2063,2063,1,0,0,0,309.4,121.4
Winged Foot Court,1,1,Winged Foot Court,2521,Winged_Foot_Court.html,447,447,1,0,0,0,66.9,56.0
Alderwood Court,1,1,Alderwood Court,1249,Alderwood_Court.html,306,306,1,1,1,0,45.7,55.3
Alisa Court,1,1,Alisa Court,4309,Alisa_Court.html,628,628,1,1,0,1,93.9,69.1
White Oak Court,1,1,White Oak Court,2071,White_Oak_Court.html,923,923,1,0,0,0,138.6,77.8
Yellowstone Court,1,1,Yellowstone Court,2128,Yellowstone_Court.html,1061,1061,1,0,0,0,158.9,81.8
Yosemite Place,1,1,Yosemite Place,8163,Yosemite_Place.html,318,318,1,0,0,0,47.7,49.6
Yukon Place,1,1,Yukon Place,8318,Yukon_Place.html,416,416,1,0,0,0,62.1,53.0
Balmoral Court,1,1,Balmoral Court,5069,Balmoral_Court.html,880,880,1,0,0,0,131.7,74.3
Barcelona Street,1,1,Barcelona Street,8807 8808,Barcelona_Street.html,1608,1608,1,0,0,0,240.6,102.0
Bartlett Place,1,1,Bartlett Place,4436,Bartlett_Place.html,240,240,1,0,0,0,35.8,46.5
Sullivan Court,1,1,Sullivan Court,5806,Sullivan_Court.html,258,258,1,0,0,0,38.7,47.6
Summer Court,1,1,Summer Court,5845,Summer_Court.html,465,465,1,0,0,0,69.6,56.1
Sycamore Court,1,1,Sycamore Court,5757,Sycamore_Court.html,625,625,1,0,0,0,93.4,62.2
Corte Fuego,1,1,Corte Fuego,2672,Corte_Fuego.html,272,272,1,0,0,0,40.8,47.5
Hancock Court,1,1,Hancock Court,4417,Hancock_Court.html,416,416,1,0,0,0,62.1,54.3
Harpers Ferry Court,1,1,Harpers Ferry Court,2325,Harpers_Ferry_Court.html,863,863,1,0,0,0,129.2,73.3
Harvest Place,1,1,Harvest Place,8495,Harvest_Place.html,488,488,1,0,0,0,72.9,56.7
Hawaii Court South,1,1,Hawaii Court South,2144,Hawaii_Court_South.html,1005,1005,1,0,0,0,150.3,79.5
Tahoe Court,2,2,Tahoe Court 2 of 2,9155,Tahoe_Court_2_of_2.html,236,236,1,0,0,0,35.3,46.2
Tannet Court,1,1,Tannet Court,6393,Tannet_Court.html,446,446,1,0,0,0,66.9,55.3
Avenida de Las Palmas,2,4,Avenida de Las Palmas 2 of 4,8063 8064 8071,Avenida_de_Las_Palmas_2_of_4.html,1076,1076,1,0,0,0,160.6,82.2
Bella Vista Place,1,1,Bella Vista Place,9128,Bella_Vista_Place.html,1018,1018,1,0,0,0,152.3,78.0
Belvedere Court,1,1,Belvedere Court,1673,Belvedere_Court.html,759,759,1,0,0,0,113.9,70.2
Crestwood Court,1,1,Crestwood Court,4001,Crestwood_Court.html,334,334,1,0,0,0,50.0,50.7
Crossroads Place,1,1,Crossroads Place,8488,Crossroads_Place.html,552,552,1,0,0,0,82.5,57.7
Dolores Court,1,1,Dolores Court,4157,Dolores_Court.html,381,381,1,0,0,0,56.9,53.2
Dolores Place,1,1,Dolores Place,4156,Dolores_Place.html,901,901,1,0,0,0,134.8,76.0
Forsythia Court,1,1,Forsythia Court,1296,Forsythia_Court.html,840,840,1,0,0,0,126.2,73.6
Springhouse Drive,1,4,Springhouse Drive 1 of 4,3964 5880,Springhouse_Drive_1_of_4.html,3374,3374,1,3,0,3,506.0,192.8
Belfast Court,1,1,Belfast Court,9035,Belfast_Court.html,643,643,1,0,0,0,96.1,63.4
Avenida de Las Palmas,3,4,Avenida de Las Palmas 3 of 4,8078 8095,Avenida_de_Las_Palmas_3_of_4.html,669,669,1,0,0,0,100.1,64.7
Halcyon Court,1,1,Halcyon Court,3799,Halcyon_Court.html,719,719,1,0,0,0,107.6,66.4
Haleakala Road,1,1,Haleakala Road,2016,Haleakala_Road.html,222,222,1,0,0,0,33.1,45.5
Bingham Street,1,1,Bingham Street,6700,Bingham_Street.html,527,527,1,0,0,0,79.1,58.8
Smith Gate Court,1,1,Smith Gate Court,3971,Smith_Gate_Court.html,467,467,1,0,0,0,70.0,56.3
Sonoma Court,1,1,Sonoma Court,8061,Sonoma_Court.html,811,811,1,0,0,0,121.2,70.8
Helen Way,1,1,Helen Way,8086,Helen_Way.html,1790,1790,1,0,0,0,268.2,113.5
Foot Hill Road,2,3,Foot Hill Road 2 of 3,2560 2561,Foot_Hill_Road_2_of_3.html,352,352,1,0,0,0,52.5,51.2
Foothill Lane,1,1,Foothill Lane,2061,Foothill_Lane.html,432,432,1,0,0,0,64.6,55.1
Silver Oaks Terrace,1,1,Silver Oaks Terrace,7668,Silver_Oaks_Terrace.html,6933,6933,1,1,0,1,1039.1,358.4
Sirah Court,1,1,Sirah Court,7338,Sirah_Court.html,318,318,1,0,0,0,47.7,49.7
Berlin Way,1,1,Berlin Way,8983 8985 8990 9034,Berlin_Way.html,2284,2284,1,1,0,1,342.2,139.7
Bernal Court,1,1,Bernal Court,5830,Bernal_Court.html,439,439,1,0,0,0,65.8,54.4
Big Bend Court,1,1,Big Bend Court,2489,Big_Bend_Court.html,231,231,1,0,0,0,34.6,45.9
Bingham Court,1,1,Bingham Court,6703,Bingham_Court.html,488,488,1,0,0,0,73.3,57.1
Shenandoah Court,1,1,Shenandoah Court,1838,Shenandoah_Court.html,886,886,1,0,0,0,132.8,74.7
Helsinki Way,1,1,Helsinki Way,8964 8969 9122,Helsinki_Way.html,2072,2072,1,0,0,0,311.1,125.4
High Castle Court,1,1,High Castle Court,9154,High_Castle_Court.html,236,236,1,0,0,0,35.3,46.3
Highcrest Court,1,1,Highcrest Court,861,Highcrest_Court.html,337,337,1,0,0,0,50.5,50.6
Hillsboro Court,1,1,Hillsboro Court,548,Hillsboro_Court.html,1049,1049,1,0,0,0,157.4,83.1
Shorewood Court,1,1,Shorewood Court,2126,Shorewood_Court.html,403,403,1,0,0,0,60.4,53.5
Teton Court,1,1,Teton Court,8166,Teton_Court.html,277,277,1,0,0,0,41.5,47.9
Topaz Way,1,1,Topaz Way,8349,Topaz_Way.html,1337,1337,1,0,0,0,200.7,93.0
Touriga Court,1,1,Touriga Court,6353,Touriga_Court.html,674,674,1,0,0,0,101.2,65.5
Blossom Court,1,1,Blossom Court,5618,Blossom_Court.html,1010,1010,1,0,0,0,151.7,81.2
Shasta Court,1,1,Shasta Court,5951,Shasta_Court.html,630,630,1,0,0,0,94.5,63.5
Sea Eagle Court,1,1,Sea Eagle Court,5953,Sea_Eagle_Court.html,280,280,1,0,0,0,41.8,48.3
Dorset Court,1,1,Dorset Court,6716,Dorset_Court.html,337,337,1,0,0,0,50.5,50.6
Dudley Court,1,1,Dudley Court,3779,Dudley_Court.html,400,400,1,0,0,0,59.8,53.5
Dundalk Court,1,1,Dundalk Court,5542,Dundalk_Court.html,675,675,1,0,0,0,101.3,64.6
Santos Ranch Road,1,1,Santos Ranch Road,537 1663,Santos_Ranch_Road.html,16839,16839,1,2,0,2,2526.1,802.1
Scherman Court,1,1,Scherman Court,8235,Scherman_Court.html,425,425,1,0,0,0,63.7,54.1
Coronado Court,1,1,Coronado Court,8809,Coronado_Court.html,352,352,1,0,0,0,52.5,50.9
Coronado Lane,4,4,Coronado Lane 4 of 4,2760,Coronado_Lane_4_of_4.html,109,109,1,0,0,0,16.1,40.4
Dimas Court,1,1,Dimas Court,4418,Dimas_Court.html,408,408,1,0,0,0,61.0,54.1
Creekwood Court,1,1,Creekwood Court,1293,Creekwood_Court.html,328,328,1,0,0,0,49.0,50.5
Arroyo Road,3,3,Arroyo Road 3 of 3,9085 9184,Arroyo_Road_3_of_3.html,1088,1088,1,0,0,0,415.8,81.3
Ashley Court,1,1,Ashley Court,2263,Ashley_Court.html,447,447,1,0,0,0,67.1,54.7
Ashwood Court,1,1,Ashwood Court,1696,Ashwood_Court.html,459,459,1,0,0,0,68.8,56.0
Saginaw Court,1,1,Saginaw Court,5888,Saginaw_Court.html,271,271,1,0,0,0,40.5,47.5
Saint Charles Court,1,1,Saint Charles Court,9088,Saint_Charles_Court.html,512,512,1,0,0,0,76.6,58.9
Bottini Court,1,1,Bottini Court,7868,Bottini_Court.html,271,271,1,0,0,0,40.5,47.9
Roundhill Place,1,1,Roundhill Place,8520,Roundhill_Place.html,229,229,1,0,0,0,34.2,46.0
Runnymede Court,2,2,Runnymede Court 2 of 2,4974,Runnymede_Court_2_of_2.html,687,687,1,0,0,0,102.7,64.4
Hot Springs Court,1,1,Hot Springs Court,1832,Hot_Springs_Court.html,355,355,1,0,0,0,53.2,51.4
Independence Court,1,1,Independence Court,4224,Independence_Court.html,370,370,1,0,0,0,55.6,52.6
Inglewood Drive,3,4,Inglewood Drive 3 of 4,2343 2483,Inglewood_Drive_3_of_4.html,561,561,1,0,0,0,84.1,60.6
Roman Eagle Court,1,1,Roman Eagle Court,7658,Roman_Eagle_Court.html,483,483,1,0,0,0,72.3,58.0
Brezza Court,1,1,Brezza Court,7832,Brezza_Court.html,493,493,1,0,0,0,73.9,57.2
Brittany Place,1,1,Brittany Place,8469,Brittany_Place.html,275,275,1,0,0,0,41.0,47.2
Asti Court,1,1,Asti Court,9036,Asti_Court.html,787,787,1,0,0,0,117.7,69.5
Greentree Court,1,1,Greentree Court,4063,Greentree_Court.html,422,422,1,0,0,0,63.2,54.5
Gresham Court,1,1,Gresham Court,5508 5509,Gresham_Court.html,371,371,1,0,0,0,55.3,52.4
Rojo Way,1,1,Rojo Way,6350 6406,Rojo_Way.html,2115,2115,1,0,0,0,317.4,129.4
Inyo Court,1,1,Inyo Court,5930,Inyo_Court.html,608,608,1,0,0,0,91.2,62.5
Irby Ranch Drive,1,1,Irby Ranch Drive,4360,Irby_Ranch_Drive.html,529,529,1,1,1,0,79.1,65.3
Isle Royal Court,1,1,Isle Royal Court,2315,Isle_Royal_Court.html,871,871,1,0,0,0,130.3,73.6
Corte del Rey,1,1,Corte del Rey,2675,Corte_del_Rey.html,264,264,1,0,0,0,39.6,47.6
Cotterell Court,1,1,Cotterell Court,5121,Cotterell_Court.html,434,434,1,0,0,0,64.9,54.7
Crater Lake Court,1,1,Crater Lake Court,2330,Crater_Lake_Court.html,598,598,1,0,0,0,89.6,61.9
Ivory Place,1,1,Ivory Place,8356,Ivory_Place.html,179,179,1,0,0,0,26.8,43.5
Jade Place,1,1,Jade Place,8211,Jade_Place.html,655,655,1,0,0,0,98.1,64.3
Jaybrook Court,1,1,Jaybrook Court,1286,Jaybrook_Court.html,447,447,1,0,0,0,67.0,55.6
Jensen Street,1,1,Jensen Street,4172 4238,Jensen_Street.html,2705,2705,1,1,1,0,406.5,160.0
Jeremiah Way,1,1,Jeremiah Way,7252,Jeremiah_Way.html,615,615,1,0,0,0,92.1,62.6
Judith Way,1,1,Judith Way,8681,Judith_Way.html,503,503,1,0,0,0,75.4,58.4
Trinity Circle,1,1,Trinity Circle,7987,Trinity_Circle.html,1233,1233,1,0,0,0,184.9,87.3
Turnstone Drive,1,2,Turnstone Drive 1 of 2,8123 8157 8158 8283 8284,Turnstone_Drive_1_of_2.html,3755,3755,1,0,0,0,562.5,191.9
Vallecitos Road,3,3,Vallecitos Road 3 of 3,8897 8902,Vallecitos_Road_3_of_3.html,1224,1224,1,0,0,0,183.5,89.2
Valley Avenue,8,10,Valley Avenue 8 of 10,3376,Valley_Avenue_8_of_10.html,170,170,1,0,0,0,25.3,43.2
Valley Trails Drive,2,4,Valley Trails Drive 2 of 4,2490,Valley_Trails_Drive_2_of_4.html,657,657,1,0,0,0,98.4,65.3
Bryce Canyon Court,1,1,Bryce Canyon Court,2485,Bryce_Canyon_Court.html,683,683,1,0,0,0,102.4,65.8
Burger Court,1,1,Burger Court,6338,Burger_Court.html,585,585,1,0,0,0,87.4,62.8
Calais Avenue,1,1,Calais Avenue,8987 8988,Calais_Avenue.html,1175,1175,1,0,0,0,175.6,87.2
Calcite Court,1,1,Calcite Court,8365,Calcite_Court.html,385,385,1,0,0,0,57.5,52.0
Redberry Court,1,1,Redberry Court,3778,Redberry_Court.html,767,767,1,0,0,0,114.7,67.4
Redwood Court,1,1,Redwood Court,1199,Redwood_Court.html,362,362,1,0,0,0,54.1,51.7
Reginald Court,1,1,Reginald Court,8975,Reginald_Court.html,273,273,1,0,0,0,40.7,47.1
Regulus Court,1,1,Regulus Court,8503,Regulus_Court.html,335,335,1,0,0,0,50.0,49.5
Finch Place,1,1,Finch Place,7719 7724,Finch_Place.html,1026,1026,1,0,0,0,154.0,80.9
Platt Court North,1,1,Platt Court North,2121,Platt_Court_North.html,517,517,1,0,0,0,77.3,58.5
Platt Court South,1,1,Platt Court South,2125,Platt_Court_South.html,954,954,1,0,0,0,142.8,76.9
Pomace Court,1,1,Pomace Court,6329,Pomace_Court.html,504,504,1,0,0,0,75.3,58.4
Kamp Court,1,1,Kamp Court,4504,Kamp_Court.html,381,381,1,0,0,0,57.0,52.7
Glacier Court South,1,1,Glacier Court South,2293,Glacier_Court_South.html,762,762,1,0,0,0,114.0,68.6
Keneland Way,1,1,Keneland Way,4610,Keneland_Way.html,500,500,1,0,0,0,74.9,58.1
Call of the Wild Court,1,1,Call of the Wild Court,8470,Call_of_the_Wild_Court.html,670,670,1,0,0,0,100.1,63.8
Calle Madras,1,1,Calle Madras,3132,Calle_Madras.html,190,190,1,0,0,0,28.4,44.0
Calle Morelia,3,4,Calle Morelia 3 of 4,2686,Calle_Morelia_3_of_4.html,138,138,1,0,0,0,20.6,41.9
Calle Morelia,4,4,Calle Morelia 4 of 4,2745,Calle_Morelia_4_of_4.html,133,133,1,0,0,0,19.8,41.6
Elmridge Court,1,1,Elmridge Court,3796,Elmridge_Court.html,238,238,1,0,0,0,35.6,46.5
Pebblewood Court,1,1,Pebblewood Court,3999,Pebblewood_Court.html,306,306,1,0,0,0,45.7,49.4
Pellaro Court,1,1,Pellaro Court,7876,Pellaro_Court.html,454,454,1,0,0,0,67.8,56.3
Peregrine Way,1,1,Peregrine Way,4480,Peregrine_Way.html,2867,2867,1,0,0,0,430.0,162.3
Fontonett Place,1,1,Fontonett Place,8472,Fontonett_Place.html,339,339,1,0,0,0,50.7,49.9
Clevis Common,3,3,Clevis Common 3 of 3,8812,Clevis_Common_3_of_3.html,113,113,1,0,0,0,16.8,40.2
Koll Center Drive,3,3,Koll Center Drive 3 of 3,2671,Koll_Center_Drive_3_of_3.html,125,125,1,0,0,0,18.6,41.2
El Charro Road,3,3,El Charro Road 3 of 3,6239,El_Charro_Road_3_of_3.html,270,270,1,0,0,0,40.3,47.2
Valley of the Moon Place,1,1,Valley of the Moon Place,8473,Valley_of_the_Moon_Place.html,711,711,1,0,0,0,106.3,66.1
Vega Road,1,1,Vega Road,8848,Vega_Road.html,332,332,1,0,0,0,49.5,49.2
Venus Way,1,1,Venus Way,8850,Venus_Way.html,2744,2744,1,0,0,0,411.7,154.8
Arlington Court,1,1,Arlington Court,5756,Arlington_Court.html,178,178,1,0,0,0,26.6,43.7
De Soto Way,1,1,De Soto Way,9067,De_Soto_Way.html,653,653,1,1,1,0,98.0,69.6
Palmer Place,1,1,Palmer Place,4536,Palmer_Place.html,144,144,1,0,0,0,21.5,42.2
Calle de la Loma,1,1,Calle de la Loma,2509,Calle_de_la_Loma.html,1293,1293,1,0,0,0,193.4,91.2
Keystone Way,1,1,Keystone Way,8581,Keystone_Way.html,2316,2316,1,0,0,0,347.6,136.4
Kings Canyon Court,1,1,Kings Canyon Court,2136,Kings_Canyon_Court.html,1059,1059,1,0,0,0,158.6,81.7
Kitty Hawk Road,2,2,Kitty Hawk Road 2 of 2,7777 7787,Kitty_Hawk_Road_2_of_2.html,918,918,1,1,1,0,137.6,82.5
Oslo Court,1,1,Oslo Court,9123,Oslo_Court.html,637,637,1,0,0,0,95.2,63.8
Koll Center Parkway,5,5,Koll Center Parkway 5 of 5,2635,Koll_Center_Parkway_5_of_5.html,543,543,1,0,0,0,81.5,59.8
Kral Place,1,1,Kral Place,4486,Kral_Place.html,285,285,1,0,0,0,42.6,48.3
La Cresta Court,1,1,La Cresta Court,8816,La_Cresta_Court.html,371,371,1,0,0,0,55.4,51.2
La Prada Court,1,1,La Prada Court,8833,La_Prada_Court.html,380,380,1,0,0,0,56.8,51.8
Lagrange Court,1,1,Lagrange Court,8515,Lagrange_Court.html,392,392,1,0,0,0,58.6,52.8
Arrowwood Court,1,1,Arrowwood Court,1207,Arrowwood_Court.html,284,284,1,0,0,0,42.4,48.5
Gemini Road,1,1,Gemini Road,8854,Gemini_Road.html,632,632,1,0,0,0,94.4,61.7
Everglades Lane,1,1,Everglades Lane,8170 8171,Everglades_Lane.html,3137,3137,1,0,0,0,470.0,173.1
Orangewood Court,1,1,Orangewood Court,1490,Orangewood_Court.html,387,387,1,0,0,0,57.8,53.5
Orchard Way,2,2,Orchard Way 2 of 2,8600,Orchard_Way_2_of_2.html,522,522,1,0,0,0,78.1,58.7
Canary Court,1,1,Canary Court,8271,Canary_Court.html,583,583,1,0,0,0,87.2,61.0
Canelli Court,1,1,Canelli Court,7320,Canelli_Court.html,540,540,1,0,0,0,80.8,59.4
Olive Court,1,1,Olive Court,1438,Olive_Court.html,837,837,1,0,0,0,125.6,73.5
Epson Street,1,1,Epson Street,8956 8957,Epson_Street.html,440,440,1,0,0,0,65.6,53.8
Eull Court,1,1,Eull Court,5480,Eull_Court.html,320,320,1,0,0,0,47.8,50.0
Evelyn Court,1,1,Evelyn Court,1850,Evelyn_Court.html,411,411,1,0,0,0,61.5,53.8
Oakdale Court,1,1,Oakdale Court,1473,Oakdale_Court.html,414,414,1,0,0,0,61.8,54.1
Northampton Court,1,1,Northampton Court,5055,Northampton_Court.html,695,695,1,0,0,0,104.0,66.2
Nova Court,1,1,Nova Court,1809,Nova_Court.html,385,385,1,0,0,0,57.6,52.9
Oak Manor Court,1,1,Oak Manor Court,3471,Oak_Manor_Court.html,308,308,1,0,0,0,46.0,49.8
Oak Vista Way,2,5,Oak Vista Way 2 of 5,3365,Oak_Vista_Way_2_of_5.html,246,246,1,0,0,0,36.7,46.7
Verdite Street,1,1,Verdite Street,8367 8368,Verdite_Street.html,885,885,1,0,0,0,132.3,72.7
Aramon Court,1,1,Aramon Court,6288,Aramon_Court.html,438,438,1,0,0,0,65.4,55.2
Mullin Court,1,1,Mullin Court,5803,Mullin_Court.html,302,302,1,0,0,0,45.2,49.6
Muscat Court,1,1,Muscat Court,6335,Muscat_Court.html,514,514,1,0,0,0,76.9,58.9
Nadine Street,1,1,Nadine Street,8084,Nadine_Street.html,2501,2501,1,0,0,0,374.6,144.6
Newbury Court,1,1,Newbury Court,3450,Newbury_Court.html,350,350,1,0,0,0,52.3,51.4
Nicobria Lane,1,1,Nicobria Lane,8624,Nicobria_Lane.html,969,969,1,1,1,0,145.3,84.4
Muirwood Court,1,1,Muirwood Court,1261,Muirwood_Court.html,1046,1046,1,0,0,0,157.0,82.5
Leland Court,1,1,Leland Court,8584,Leland_Court.html,177,177,1,0,0,0,26.4,42.9
Leona Drive,1,1,Leona Drive,8148,Leona_Drive.html,2432,2432,1,0,0,0,364.6,134.8
Monmouth Court,1,1,Monmouth Court,5173,Monmouth_Court.html,1062,1062,1,0,0,0,159.2,82.1
Morganfield Court,1,1,Morganfield Court,5040,Morganfield_Court.html,1007,1007,1,0,0,0,151.0,80.1
Mocho Street,1,1,Mocho Street,8715 8731 8736,Mocho_Street.html,3168,3168,1,0,0,0,476.0,167.9
Mojave Avenue,1,1,Mojave Avenue,8667,Mojave_Avenue.html,1986,1986,1,0,0,0,298.2,123.3
Lilienthal Road,1,1,Lilienthal Road,7864,Lilienthal_Road.html,5791,5791,1,4,0,4,870.3,290.5
Corte Venado,1,1,Corte Venado,3414,Corte_Venado.html,375,375,1,0,0,0,56.1,52.2
Corte Vera Cruz,1,1,Corte Vera Cruz,2542,Corte_Vera_Cruz.html,312,312,1,0,0,0,46.6,49.3
Corte de la Jara,1,1,Corte de la Jara,3412,Corte_de_la_Jara.html,893,893,1,0,0,0,133.7,75.1
Walker Place,1,1,Walker Place,9098,Walker_Place.html,671,671,1,0,0,0,100.4,65.1
Wayland Loop,1,2,Wayland Loop 1 of 2,8087 8111,Wayland_Loop_1_of_2.html,2314,2314,1,0,0,0,346.9,137.5
Fairview Court,2,2,Fairview Court 2 of 2,8579,Fairview_Court_2_of_2.html,371,371,1,0,0,0,55.4,51.5
Fallwood Court,1,1,Fallwood Court,1245,Fallwood_Court.html,350,350,1,0,0,0,52.3,51.3
Corte San Blas,1,1,Corte San Blas,2512,Corte_San_Blas.html,554,554,1,0,0,0,82.9,60.2
Corte Santiago,1,1,Corte Santiago,2681,Corte_Santiago.html,313,313,1,0,0,0,46.9,49.8
Miranda Way,1,1,Miranda Way,8762 8819,Miranda_Way.html,2280,2280,1,0,0,0,342.4,132.7
Mendoza Court,1,1,Mendoza Court,5004,Mendoza_Court.html,374,374,1,0,0,0,55.8,51.5
Merlot Court,1,1,Merlot Court,6387,Merlot_Court.html,427,427,1,0,0,0,64.0,55.3
Merritt Place,1,1,Merritt Place,8951,Merritt_Place.html,563,563,1,0,0,0,84.2,60.5
Matthew Court,1,1,Matthew Court,5782,Matthew_Court.html,1308,1308,1,0,0,0,196.4,94.6
Mayview Way,1,1,Mayview Way,8583,Mayview_Way.html,3272,3272,1,0,0,0,491.0,178.8
McKinney Lane,1,1,McKinney Lane,7246,McKinney_Lane.html,237,237,1,0,0,0,35.5,46.3
Meadowwood Court,1,1,Meadowwood Court,3811,Meadowwood_Court.html,412,412,1,0,0,0,61.6,54.0
Garnet Drive,1,1,Garnet Drive,8223 8226 8231,Garnet_Drive.html,2300,2300,1,0,0,0,344.6,136.5
Gatetree Circle,1,2,Gatetree Circle 1 of 2,5484 5695,Gatetree_Circle_1_of_2.html,3518,3518,1,1,1,0,526.9,189.4
Gamay Court,1,1,Gamay Court,6422,Gamay_Court.html,462,462,1,0,0,0,69.3,56.8
Ganner Court,1,1,Ganner Court,5867,Ganner_Court.html,741,741,1,0,0,0,111.2,68.2
Amber Way,1,1,Amber Way,8203 8206 8219 8233 8249,Amber_Way.html,2662,2662,1,0,0,0,399.5,146.0
Catalina Court,1,1,Catalina Court,8822 8823 8826,Catalina_Court.html,914,914,1,0,0,0,136.4,73.5
Lisbon Avenue,1,1,Lisbon Avenue,8720,Lisbon_Avenue.html,2691,2691,1,0,0,0,403.3,149.1
Livorno Street,1,1,Livorno Street,8877 8883,Livorno_Street.html,1184,1184,1,0,0,0,177.1,83.7
Lund Ranch Road,1,1,Lund Ranch Road,4321 4329 4331 4421,Lund_Ranch_Road.html,1847,1847,1,0,0,0,276.8,118.7
Malbec Court,1,1,Malbec Court,6392,Malbec_Court.html,454,454,1,0,0,0,68.1,56.3
Malvasia Court,1,1,Malvasia Court,6283,Malvasia_Court.html,642,642,1,0,0,0,96.2,64.8
Manzano Court,1,1,Manzano Court,7843,Manzano_Court.html,290,290,1,0,0,0,43.4,48.7
Mares Court,1,1,Mares Court,4096,Mares_Court.html,321,321,1,0,0,0,48.1,50.3
Mars Road,1,1,Mars Road,8827 8829 8851,Mars_Road.html,3125,3125,1,0,0,0,467.9,169.7
Almanor Court,1,1,Almanor Court,9086,Almanor_Court.html,719,719,1,0,0,0,107.5,65.6
London Way,1,1,London Way,8992,London_Way.html,200,200,1,0,0,0,29.8,44.0
Chateli Court,1,1,Chateli Court,6304,Chateli_Court.html,410,410,1,0,0,0,61.3,54.0
Chatsworth Street,1,1,Chatsworth Street,9004,Chatsworth_Street.html,269,269,1,0,0,0,40.2,46.7
Lorren Court,1,1,Lorren Court,8113,Lorren_Court.html,208,208,1,0,0,0,31.1,44.8
Lorren Way,1,1,Lorren Way,8060 8085 8655 8659,Lorren_Way.html,2199,2199,1,0,0,0,330.1,131.3
Ann Court,1,1,Ann Court,8149,Ann_Court.html,773,773,1,0,0,0,115.6,67.5
Weymouth Court,1,1,Weymouth Court,5429 5430,Weymouth_Court.html,1240,1240,1,0,0,0,185.5,90.6
Accra Court,1,1,Accra Court,9040,Accra_Court.html,653,653,1,0,0,0,97.7,64.1
Acadia Court,1,1,Acadia Court,2507,Acadia_Court.html,546,546,1,0,0,0,81.8,59.4
Alburni Court,1,1,Alburni Court,7828,Alburni_Court.html,316,316,1,0,0,0,47.1,49.9
Agate Court,1,1,Agate Court,8377,Agate_Court.html,195,195,1,0,0,0,29.1,44.2
Zwissig Court,1,1,Zwissig Court,7297,Zwissig_Court.html,296,296,1,0,0,0,44.3,48.7
